article_id,infraction_desc,amende_fixe,points_retrait,categorie_vehicule,type_infraction,mots_cles,cluster,categorie_cluster
1,1 املاده ال يجوز الي شخص ان يسوق مركبه ذات محرك او مجموعه مركبات علا الطريق العموميه ما لم يكن حاصال علا رخصه للسياقه ساريه الصالحيه ومسلمه من قبل االداره، تناسب صنف .املركبه او مجموعه املركبات التي يسوقها,,,leger,definition,documents,3,regles_circulation
2,2 املاده استثناء من احكام املاده االولا اعاله يجوز للمغاربه القاطنين بالخارج ان يسوقوا، داخل التراب الوطني، خالل مده اقصاها 1 سنه واحده ابتداء من اقامتهم باملغرب، بواسطه رخصه السياقه املسلمه لهم بالخارج ساريه الصالحيه ؛ يجوز للسائقين من جنسيه اجنبيه،,,,leger,definition,documents,0,permis_conduite
3,3 املاده يجب علا السائقين الحاصلين علا رخصه سياقه مسلمه بالخارج، بعد انصرام املده املشار اليها في املاده السابقه، ان يتقدموا المتحانات الحصول علا رخصه السياقه املغربيه، او ان يطلبوا تبديل .رخصتهم للسياقه تطبيقا للفقرات املواليه يمكن للمغاربه واالجانب,,,leger,obligation,documents,2,permissions_exceptions
4,4 املاده في حاله السير الدولي ووفقا لالتفاقيه الدوليه للسير علا الطرق، تسلم الهيئات املؤهله لذلك من .قبل االداره، رخصه دوليه للسياقه موضوعه في دفتر خاص يجوز للسائقين من جنسيه اجنبيه، الحاصلين علا رخصه دوليه للسياقه، السياقه علا التراب 2 من املاده2 ال,,,leger,definition,"depassement, documents",0,permis_conduite
5,5 املاده استثناء من احكام املاده االولا اعاله، يجوز للسائقين العس,,,leger,definition,"alcool, documents",0,permis_conduite
6,6 املاده ال يجوز الي كان سياقه مركبه فالحيه ذات محرك او مركبه غابويه ذات محرك او اريبه لالشغال العموميه او اريبه خاصه ذات محرك، علا الطريق العموميه، مالم يكن حاصال علا رخصه للسياقه .مسلمه طبقا للماده االولا اعاله الباب الثاني اصناف رخصه السياقه,,,leger,definition,documents,3,regles_circulation
7,7 املاده .يحدد صنف رخصه السياقه حسب صنف او اصناف املركبه التي يمك,,,leger,definition,"depassement, documents",0,permis_conduite
8,8 املاده ال يسمح كل صنف من اصناف رخصه السياقه اال بسياقه صنف املر,,,leger,definition,documents,0,permis_conduite
9,9 املاده يجب االدالء برخصه السياقه او بالوثيقه التي تحل محلها الا االعوان املكلفين بمراقبه تطبيق .احكام هذا القانون والنصوص الصادره لتطبيقه، كلما طلبوا ذلك 6 االمانه العامه للحكومه الباب الثالث شروط الحصول علا رخصه السياقه 1 الفرع احكام عامه,,,leger,obligation,documents,0,permis_conduite
10,10 املاده تسلم رخصه السياقه الا املترشح بعد اجتيازه بنجاح الختبار,,,leger,definition,documents,0,permis_conduite
11,11 املاده ،ال يجوز الي كان ان يتقدم الجتياز امتحان الحصول علا رخص,,,leger,definition,documents,0,permis_conduite
12,12 املاده ،يخضع وجوبا كل مترشح الختبارات امتحان الحصول علا رخصه السياقه لفحص طبي مسبق الغايه منه التاكد من ان قدراته البدنيه والعقليه تمكنه من سياقه مركبه علا الطريق العموميه دون خطر وخاصه التاكد من انه غير مصاب باحد االمراض التي تمنع السياقه واملحدد,,,leger,definition,documents,3,regles_circulation
13,13 املاده اذا كان املترشح الختبارات امتحان الحصول علا رخصه السياقه مصابا بعجز بدني ال يتنافا مع سياقه املركبات ذات محرك، امكن تعويض هذا العجز بتهيئه خاصه للمركبه او بواسطه حمل .وباستعمال اجهزه طبيه او هما معا، من قبل السائق تبعا لتعليمات الطبيب الذي,,,leger,obligation,documents,3,regles_circulation
14,14 املاده بتاريخ1.16.106 الصادر بتنفيذه الظهري الرشيف رقم116.14 نسخت وعوضت مبوجب املاده الثانيه من القانون رقم 5879 ، ص2016 اغسطس11 1437 ذي القعده7 بتاريخ6490 ، ج.ر عدد2016 يوليو18 1437 من شوال13 .يجب علا كل شخص حاصل علا رخصه السياقه الخضوع لفحص طبي,,,leger,obligation,"depassement, documents",5,references_legales
14,14 املاده الخامسه من القانون رقم 2016 يوليو18 1437 من شوال13 بتاريخ1.16.106 رقم 5885 ، ص2016 اغسطس11 1437 ذي القعده7 بتاريخ6490 ج.ر عدد املتعلقه بمدونه السير علا الطرق، كما تم تغييرها52.05 من القانون رقم7 تدخل احكام املاده بموجب هذا القانون، حيز التن,,,leger,definition,documents,5,references_legales
15,15 املاده اعاله14 و12 عالوه علا الفحوص الطبيه املنصوص عليها في املادتين يخضع لفحص طبي كل شخص حاصل علا رخصه سياقه اصيب بمرض او بعجز منصوص 1 عليه في قائمه تضعها االداره، بعد استشاره املجلس الوطني لهيئه االطباء الوطنيه، وذلك داخل اجل ثالثين يوما املوالي,,,leger,obligation,documents,0,permis_conduite
16,16 املاده تجرا الفحوص الطبيه االجباريه املفروضه بموجب هذا القانون من قبل اطباء من القطاع العام بعده. ويقوم عند االقتضاء21 او من القطاع الخاص يستوفون الشروط املنصوص عليها في املاده .باجراء الفحص متخصص او متخصصون حسب طبيعه الفحص الالزم اجراؤه 9 االمانه,,,,definition,,0,permis_conduite
17,17 املاده بتاريخ1.16.106 الصادر بتنفيذه الظهري الرشيف رقم116.14 نسخت وعوضت مبوجب املاده الثانيه من القانون رقم 5879 ، ص2016 اغسطس11 1437 ذي القعده7 بتاريخ6490 ، ج.ر عدد2016 يوليو18 1437 من شوال13 اعاله، شهاده الا املعني باالمر14 و12 يسلم الطبيب الذي,,,leger,definition,documents,5,references_legales
18,18 املاده اعاله، الا االداره املختصه، نسخه15 يوجه الطبيب الذي قام,,,leger,definition,documents,0,permis_conduite
19,19 املاده ،اذا نازع صاحب رخصه السياقه او االداره في استنتاجات الطبيب املضمنه في الشهاده الطبيه يخضع املعني باالمر، بطلب منه او بطلب من االداره، لفحص طبي مضاد تجريه لجنه طبيه لالستئناف . بعده21 تتكون وفق احكام املاده ال يجوز للطبيب الذي قام باجراء الف,,,leger,definition,documents,0,permis_conduite
20,20 املاده اذا نازع صاحب رخصه السياقه او االداره في استنتاجات اللجنه الطبيه لالستئناف، يخضع املعني باالمر، بطلب منه او بطلب من االداره، لفحص طبي مضاد يجريه طبيب خبير يعين بامر من رئيس .املحكمه االبتدائيه التابع لدائره نفوذها املكان الذي يقيم فيه صاحب,,,leger,definition,documents,0,permis_conduite
21,21 املاده 19 و16 تعتمد االداره االطباء واالطباء اعضاء اللجنه الطبيه لالستئناف املشار اليهم في املادتين اعاله، املؤهلين لتسليم الشهادات الطبيه املنصوص عليها في هذا الفرع، اذا اثبتوا توفرهم علا معارف علميه وتجهيزات خاصه ومالئمه تحدد االداره الئحتها بعد,,,leger,definition,documents,0,permis_conduite
22,22 املاده يخصص رصيد من النقط لرخصه السياقه. ويخفض هذا الرصيد بقوه القانون اذا ادين صاحب الرخصه من اجل مخالفه تستوجب هذا التخفيض او ادا الغرامه التصالحيه والجزافيه في الحاالت .املنصوص عليها في هذا القانون وفي النصوص الصادره لتطبيقه .يمكن استرجاع النقط,,,leger,sanction,documents,2,permissions_exceptions
23,23 املاده بتاريخ1.16.106 الصادر بتنفيذه الظهري الرشيف رقم116.14 نسخت وعوضت مبوجب املاده الثانيه من القانون رقم 5880 ، ص2016 اغسطس11 1437 ذي القعده7 بتاريخ6490 ، ج.ر عدد2016 يوليو18 1437 من شوال13 اعاله، علا رخصه السياقه10 يحصل املترشح الذي اجتاز بنجا,,,leger,definition,documents,5,references_legales
24,24 املاده بتاريخ1.16.106 الصادر بتنفيذه الظهري الرشيف رقم116.14 نسخت وعوضت مبوجب املاده الثانيه من القانون رقم 5880 ، ص2016 اغسطس11 1437 ذي القعده7 بتاريخ6490 ، ج.ر عدد2016 يوليو18 1437 من شوال13 تلغا الرخصه بقوه القانون ابتداء من تاريخ فقدان اخر نقط,,,leger,definition,documents,5,references_legales
25,25 املاده,,,,definition,,0,permis_conduite
26,26 املاده يجب علا صاحب رخصه السياقه، الذي فقد خالل الفتره االختباريه اكثر من ثلثي النقط املخصصه .للرخصه املذكوره، ان يخضع لدوره في التربيه علا السالمه الطرقيه تحدد كيفياتها من قبل االداره 12 االمانه العامه للحكومه 3 الفرع رخصه السياقه بعد انتهاء الفت,,,leger,obligation,documents,0,permis_conduite
27,27 املاده ، اعاله26 اعاله،ومع مراعاه احكام املاده23 عند انتهاء الفتره ا,,,leger,definition,documents,0,permis_conduite
28,28 املاده يثبت ارتكاب مخالفه مؤديه الا خصم عدد من النقط من رصيد رخصه السياقه، باداء غرامه .تصالحيه وجزافيه او بمقرر قضائي باالدانه حاز قوه الاشيء املقغضي به يتم اخبار مرتكب املخالفه بان اداء الغرامه التصالحيه والجزافيه يعد اعترافا بارتكاب املخالفه .و,,,leger,sanction,documents,0,permis_conduite
29,29 املاده .يحدد عدد النقط الواجب خصمها تبعا لجسامه املخالفه املرتكبه,,,,definition,,0,permis_conduite
30,30 املاده ،يتم اخبار املعني باالمر، عند اشعاره بان احدا املخالفات املؤد,,,leger,definition,documents,0,permis_conduite
31,31 املاده اذا ثبت ارتكاب مخالفه باداء غرامه تصالحيه وجزافيه بين يدي الع,,,leger,sanction,documents,0,permis_conduite
32,32 املاده,,,,definition,,0,permis_conduite
32,32 املاده اعاله وفي حاله فقدانه مجموع النقط ، يتلقا املعني31 في ما عدا,,,leger,definition,documents,0,permis_conduite
33,33 املاده نقط وذلك4 يجوز لصاحب رخصه السياقه، قبل انصرام الفتره االختباريه، ان يسترجع اربع .دون تجاوز الحد االقظصا املخصص لرخصته، اذا خضع لدوره في التربيه علا السالمه الطرقيه,,,leger,definition,"depassement, documents",0,permis_conduite
34,34 املاده ال يجوز للحاصل علا رخصه السياقه، الذي فقد مجموع النقط بعد الف,,,leger,definition,documents,0,permis_conduite
35,35 املاده اذا لم يرتكب صاحب رخصه السياقه مخالفه جديده معاقبا عليها بخصم النقط، داخل اجل سنوات من التاريخ الذي حاز فيه اخر مقرر قضائي باالدانه قوه الاشيء املقغضي به او من3 ثالث تاريخ اداء اخر غرامه تصالحيه وجزافيه، خصص لرخصته من جديد، الرصيد االقظصا م,,,leger,sanction,"depassement, documents",4,dispositions_transitoires
36,36 املاده يمكن ان تحرر رخصه السياقه في حامل يكون قابال الن تسجل عليه في شكل الكتروني املعلومات .التي تحتوي عليها الرخصه .تكون للمحرر في شكل الكتروني نفس القيمه الثبوتيه للمحرر علا حامل من ورق .ال يمكن ان يسلم لشخص حاصل علا اكثر من صنف من اصناف رخصه ا,,,leger,definition,documents,2,permissions_exceptions
37,37 املاده يجب ان يتضمن الحامل املحرره فيه رخصه السياقه ، علا الخصوص ما,,,leger,obligation,documents,0,permis_conduite
38,38 املاده .تحدد مده صالحيه الحامل املحرره فيه رخصه السياقه في عشر سنوات,,,leger,obligation,documents,0,permis_conduite
39,39 املاده يجب علا اصحاب رخصه السياقه ان يقوموا بتغيير الحامل املحرره فيه، اذا قررت االداره ذلك .التغيير، خاصه اعتبارا للتطور التكنولوجي .تحدد االداره نوع وشكل الحامل املحرره فيه رخصه السياقه وكذا كيفيات تغييره يحق تغيير الحامل املحرره فيه رخصه السياق,,,leger,obligation,documents,0,permis_conduite
40,40 املاده من شوال13 بتاريخ1.16.106 الصادر بتنفيذه الظهري الرشيف رقم116.14 غريت مبوجب املاده االوال من القانون رقم 5868 ، ص2016 اغسطس11 1437 ذي القعده7 بتاريخ6490 ، ج.ر عدد2016 يوليو18 1437 ال يجوز الي كان سياقه املركبات املبينه بعده، بصفه مهنيه، ان ل,,,leger,obligation,"depassement, documents",5,references_legales
41,41 املاده ،يجب علا كل حاصل علا بطاقه سائق منهي ان يتابع، كل خمس سنوات، الجل تجديد هذه البطاقه .تكوينا مستمرا خالل السنه االخيره من هذه الفتره,,,,obligation,,0,permis_conduite
42,42 املاده اعاله علا41 و40 يجب ان ينصب التكوين التاهيلي والتكوين املستمر املشار اليهما في املادتين االستعمال الرشيد للمركبه حسب خصائصها التقنيه ؛ اتخاذ موقف مناسب في حاالت االستعجال لتوقع الخطر واحترام املستعملين االخرين للطريق العموميه ؛ استعمال اجهز,,,leger,obligation,,0,permis_conduite
43,43 املاده يلقن التكوين التاهيلي االولي والتكوين املستمر، املشار اليهما في هذا الباب، بمؤسسات تعتمدها .االداره لهذا الغرض تحدد االداره برنامج التكوين التاهيلي االولي والتكوين املستمر وكيفيات التقييم وكذا نموذج .ومضمون بطاقه سائق منهي وكيفيات تسليمها و,,,,definition,,0,permis_conduite
44,44 املاده يراد في مفهوم هذا القانون بما يلي مركبه كل وسيله نقل لها عجلت,,,leger,definition,depassement,3,regles_circulation
45,45 املاده يجب صنع املركبات او مجموعه املركبات وتسويقها واستغاللها واستعمالها وصيانتها وعند االقتضاء، اصالحها، علا نحو يؤمن سالمه مستعملي الطريق العموميه ويقلل من استهالك الطاقه .ومن احداث نفايات غير قابله العاده استعمالها ومن انبعاث مواد ملوثه,,,,obligation,,3,regles_circulation
46,46 املاده يجب ان تؤمن قواعد صنع وتجهيز املركبات وتهيئتها، حسب االستعمال املخصصه له، والتي تضعها االداره، ضمانات صالبه وسالمه كافيه تمكن السائق من التحكم في مركبته ومن التقليص قدر االمكان من اخطار الحوادث والعواقب الناجمه عنها، سواء بالنسبه لركاب املر,,,,obligation,,3,regles_circulation
47,47 املاده تحدد قواعد صنع وتجهيز وتهيئه املركبات الخصائص التقنيه او املعايير املتعلقه علا الخصوص بما يلي االوزان ؛ 1 اطارات العجالت واالتصال باالرض ؛ 2 االبعاد ؛ 3 ابعاد الحموله واجهزه الشحن وربط الشحنه ؛ 4 االدوات املحركه ؛ 5 ادوات التحريك ؛ 6 ادوات,,,leger,definition,vitesse,3,regles_circulation
48,48 املاده .يجب ان تجهز كل مركبه وكل مقطوره باجهزه السالمه ولوازمها .تحدد االداره اجهزه السالمه ولوازمها والقواعد التي تخضع لها 21 االمانه العامه للحكومه,,,leger,obligation,,0,permis_conduite
49,49 املاده تقوم االداره، قصد التاكد من ان املركبه ذات محرك او مجموعه املركبات او الدراجه الناريه اعاله، باملصادقه علا48 و47 و46 يمكن ان تقبل للسير علا الطريق العموميه مع التقيد باحكام املواد . املذكورتين48 و47 املركبه وذلك بمراقبه خصائصها التقنيه او ا,,,,obligation,depassement,3,regles_circulation
50,50 املاده يمنع استخدام واستغالل كل مركبه علا الطريق العموميه ال تكون خصائصها التقنيه مطابقه . اعاله الا حين مطابقتها لتلك القواعد48 و47 و46 للقواعد املقرره تطبيقا للمواد تطبق احكام الفقره االولا من هذه املاده ايضا علا كل مقطوره يتجاوز وزنها االجمالي,,,leger,obligation,depassement,3,regles_circulation
51,51 املاده تخضع كل مركبه ادخلت عليها، بعد املصادقه عليها، احدا التغييرات املحدده من قبل االداره الا .مصادقه جديده,,,leger,definition,,0,permis_conduite
52,52 املاده يمكن لالعوان او للهيئات املؤهلين قانونا من قبل االداره، القيام باخذ عينات من املركبات او من عناصر او اجهزه املركبات التي سبقت املصادقه عليها، كما هو منصوص عليه في هذا القانون والنصوص الصادره لتطبيقه، لدا الصانعين او املستوردين او وكالء شركا,,,,obligation,,3,regles_circulation
53,53 املاده يجب علا كل مالك سياره او دراجه ناريه او دراجه ثالثيه العجالت بمحرك او دراجه رباعيه العجالت ثقيله بمحرك، ان يقوم بتسجيلها قبل الشروع في استخدامها الول مره . وتسلم له شهاده . تسجيل تطبق احكام الفقره االولا من هذه املاده علا كل مقطوره يتجاوز و,,,moto,obligation,depassement,0,permis_conduite
54,54 املاده .تثبت شهاده التسجيل، مع مراعاه صحه تصريح املالك، مطابقه املرك,,,leger,definition,,0,permis_conduite
55,55 املاده تخضع ايضا للتسجيل، اذا كانت تسير علا الطريق العموميه، املركبات الفالحيه ذات محرك .واملركبات الغابويه ذات محرك واريبات االشغال العموميه تطبق احكام الفقره االولا من هذه املاده علا كل االجهزه الفالحيه واالجهزه الغابويه التي يتجاوز وزنها . كيلو,,,,definition,depassement,3,regles_circulation
56,56 املاده . لتسجيل خاص تحدده االداره تخضع املركبات التي تملكها الدوله او الجماعات الترابيه . من الدستور135 حلت عباره الجماعات الترابيه محل عباره الجماعات املحليه بموجب الفصل 1 23 االمانه العامه للحكومه,,,,definition,,3,regles_circulation
57,57 املاده يمكن ان تحرر شهاده تسجيل املركبه في حامل يكون قابال الن تسجل عليه في شكل الكتروني .املعلومات التي تحتوي عليها الشهاده والبيانات املتعلقه باملراقبه التقنيه .تكون للمحرر في شكل الكتروني نفس القيمه الثبوتيه للمحرر علا حامل من ورق يجب علا اصحاب,,,,obligation,,2,permissions_exceptions
58,58 املاده . سنوات10 تحدد مده صالحيه الحامل املحرره فيه شهاده التس,,,leger,obligation,documents,0,permis_conduite
59,59 املاده يجب علا كل من تملك مركبه، في حاله تغيير مالكها او شراء,,,leger,obligation,,0,permis_conduite
60,60 املاده اعاله ايضا علا كل شخص يصبح مالكا ملركبه خاضعه للتسجيل، علا اثر ارث59 تطبق احكام املاده او هبه او قسمه او تصفيه قضائيه او ممارسه حق استرداد او تخلي عن ملكيه او بيع قضائي او بيع .باملزاد العلني . يوما90 املذكوره يرفع الا59 غير ان االجل املشار,,,,definition,,0,permis_conduite
61,61 املاده اعاله اال من قبل االشخاص املعتمدين من61 ال يمكن صياغه صفائح,,,,definition,,2,permissions_exceptions
61,61 املاده يجب ان تكون كل مركبه مسجله مزوده بصفائح تسجيل تحدد االداره خصائصها وشروط تثبيتها . علا املركبه 1,,,leger,obligation,,0,permis_conduite
62,62 املاده يتم سحب كل مركبه خاضعه للتسجيل من السير بصفه نهائيه بعد االدالء بتصريح بذلك وفق . املسطره وداخل االجل املحددين من لدن االداره,,,leger,definition,,0,permis_conduite
63,63 املاده يجب ان تكون شهاده التسجيل او الوثيقه التي تحل محلها موجوده علا متن املركبه اثناء سيرها .علا الطريق العموميه 25 االمانه العامه للحكومه الباب الثاني احكام خاصه تتعلق بالدراجات والدراجات ثالثيه العجالت والدراجات رباعيه العجالت,,,,obligation,documents,3,regles_circulation
64,64 املاده ال تقبل الدراجات والدراجات ثالثيه العجالت والدراجات رباعيه العجالت للسير علا الطريق العموميه اال اذا كان مصادقا عليها من قبل االداره، بعد مراقبه خصائصها التقنيه وال سيما منها البنيه ؛ اطار العجالت ؛ اجهزه التحريك والتوجيه واالناره والتشوير,,,,definition,,3,regles_circulation
65,65 املاده من شوال13 بتاريخ1.16.106 الصادر بتنفيذه الظهري الرشيف رقم116.14 غريت مبوجب املاده االوال من القانون رقم 5869 ، ص2016 اغسطس11 1437 ذي القعده7 بتاريخ6490 ، ج.ر عدد2016 يوليو18 1437 يجب علا كل من تملك دراجه بمحرك او دراجه ثالثيه العجالت بمحرك,,,leger,obligation,documents,5,references_legales
66,66 املاده من شوال13 بتاريخ1.16.106 الصادر بتنفيذه الظهري الرشيف رقم116.14 غريت مبوجب املاده االوال من القانون رقم 5869 ، ص2016 اغسطس11 1437 ذي القعده7 بتاريخ6490 ، ج.ر عدد2016 يوليو18 1437 .تخضع جميع املركبات الخاضعه للتسجيل، او لسند امللكيه ملراقبه,,,,definition,,5,references_legales
67,67 املاده املراقبه التقنيه هي العمليه التي تهدف الا التحقق من ان املركبه الخاضعه لهذه املراقبه مطابقه لتشخيصها املحدد بموجب هذا القانون والنصوص الصادره لتطبيقه، وانها في حاله جيده للسير وال يشوبها اي عيب او خلل او تاكل ميكانيكي غير عادي وان اجهزه سال,,,,obligation,,0,permis_conduite
68,68 املاده .يترتب علا اجراء كل نوع من انواع املراقبه التقنيه تسليم وثيقه تثبت هذه املراقبه .يجب لزوما ان توجد الوثيقه املذكوره علا متن املركبه، اثناء سيرها علا الطريق العموميه تحدد االداره دوريه املراقبه التقنيه ومسطره املراقبه واجهزه املركبه الواجب م,,,,obligation,documents,3,regles_circulation
69,69 املاده ،يمكن ان تامر االداره باجراء فحوص تقنيه مضاده ملركبه سبق ان كانت موضوع مراقبه تقنيه بناء علا طلب من هيئات االفتحاص واملراقبه املؤهله لهذا الغرض من قبل االداره او بناء علا طلب .من االعوان محرري املحاضر او استنادا الا تقارير تحررها الهيئات او,,,,definition,,2,permissions_exceptions
70,70 املاده تعتبر مصابه باضرار خطيره كل مركبه خاضعه للتسجيل تعرضت، علا اثر حادثه، العوجاج دائم .اضر ببنيتها الحامله او ببنيه تجميعها كما حددتها الهندسه االصليه للمركبه املقرره من قبل صانع السياره,,,leger,definition,,0,permis_conduite
71,71 املاده اذا لم تعد املركبه صالحه للسير او اصبحت تشكل خطرا علا السالمه الطرقيه، بسبب خطوره 102 االضرار الالحقه بها علا اثر حادثه، وجب توقيفها وفق الشروط املنصوص عليها في املادتين ادناه. ويقوم حينئذ العون محرر املحضر الذي باشر املعاينات، باالحتفاظ بش,,,,definition,,0,permis_conduite
72,72 املاده ،يجب علا مالك املركبه او سائقها او حائزها اخبار االداره في الحال باصابه مركبه باضرار خطيره .اذا لم يبلغ ذلك الا علم املصالح املكلفه بمعاينه الحوادث يقع االلزام املذكور ايضا علا املؤمن، اذا اشعر بتحمل االعباء الناجمه عن ضرر مادي بخصوص مركبه,,,leger,obligation,,0,permis_conduite
73,73 املاده يتوقف كل استخدام جديد ملركبه خاضعه للتسجيل اصيبت باضرار خطيره، علا ما يلي االدالء بتقرير خبره يثبت ان االصالحات التي تم القيام بها ال تخل بسالمه مستعملي الطريق العموميه ؛ 1 . مصادقه جديده 2 28 االمانه العامه للحكومه 2 الفرع املركبات املصرح,,,,definition,stationnement,3,regles_circulation
74,74 املاده يجب علا مالك كل مركبه خاضعه للتسجيل اصبحت غير قابله لالصالح تقنيا علا اثر حادثه، ان .يخبر االداره فورا بذلك يجب، في هذه الحاله، ان تسلم الا االداره، مقابل وصل تحدد هذه االخيره شكله ومضمونه، شهاده .التسجيل مرفقه بتقرير خبره يثبت ان املركبه غ,,,leger,obligation,,0,permis_conduite
75,75 املاده اذا اعطا مالك مركبه خاضعه للتسجيل موافقته للمؤمن قصد تفويت مركبته املصرح بعدم صالحيتها اقتصاديا، نظرا لقيمتها التجاريه التي تقل عن التكلفه املقدره لالصالحات الناتجه عن حادثه، يوجه املؤمن الا االداره، داخل اجل شهر من تاريخ االتفاق املبرم مع,,,leger,obligation,,4,dispositions_transitoires
76,76 املاده اعاله تفويت املركبه قصد اصالحها، ان يوجه داخل75 يجب علا املشتري، اذا تم تطبيقا للماده . يوما، تصريحا بالشراء الا االداره التي تسلمه وصال بذلك30 اجل ثالثين,,,,obligation,,0,permis_conduite
77,77 املاده اعاله، ان تخضع املركبه املصرح بعدم75 من املاده2 يجب في الحاالت املشار اليها في الفقره صالحيتها اقتصاديا من قبل الخبراء الذين انتدبهم املؤمنون علا اثر حادثه، الا مراقبه تقنيه قبل اي .استخدام جديد لها,,,,obligation,,0,permis_conduite
78,78 املاده اعاله، خبير في السيارات، يتوفر75 و74 و73 و71 يقوم باعداد تقارير الخبره املذكوره في املواد ،علا اهليه لتسليم الشهادات التي تثبت ان املركبات غير قابله لالصالح او مصابه باضرار خطيره ومتوفر علا تكوين اولي وتكوين مستمر في مراقبه املركبات غير الق,,,,definition,,3,regles_circulation
79,79 املاده . اعاله78 تضع االداره القائمه الوطنيه للخبراء الذين تتوفر فيهم االهليه املشار اليها في املاده 29 االمانه العامه للحكومه الباب الخامس املركبات املدرجه في عداد التحف,,,,definition,,3,regles_circulation
80,80 املاده بعده، ان81 يجوز ملالك كل مركبه خاضعه للتسجيل، يتوفر فيها احد الشروط املشار اليها في املاده .يطلب ادراج مركبته في عداد التحف يجب ان تقيد في شهاده التسجيل كل مركبه مدرجه في عداد التحف عباره مركبه مدرجه في عداد . التحف,,,leger,obligation,,0,permis_conduite
81,81 املاده يمكن ان تدرج في عداد التحف كل مركبه ذات محرك، مهما كان عمرها، يتوفر فيها احد الشروط التاليه 1 ا ان يكون لها طابع تاريخي ؛ ب ان تكون مملوكه او كانت في ملك شخصيه تتمتع بشهره وطنيه او عامليه ؛ .ج ان تكون قد شاركت في حدث تاريخي وطني او دولي كل,,,leger,definition,"stationnement, depassement, documents",2,permissions_exceptions
82,82 املاده يجب، الجل ادراج مركبه في عداد التحف، ان تكون مزوده باالجهزه املحركه وادوات التعليق .والحصر والرؤيه واالناره وان تكون صالحه للسير، وتثبت هذه الصالحيه بشهاده للمراقبه التقنيه .ال يمكن ان تدرج في عداد التحف املركبات املوجوده في حاله حطام,,,leger,obligation,,3,regles_circulation
83,83 املاده .يجب اال تغادر املركبات املدرجه في عداد التحف منطقه تسجيلها واملناطق املجاوره لها غير انها تخضع لالدالء بتصريح مسبق الا االداره، قصد السير خارج املنطقه املذكوره الجل .املشاركه في التظاهرات او السباقات الرياضيه املطلوبه للمشاركه فيها 30 االم,,,,obligation,,3,regles_circulation
84,84 املاده .تخضع املركبات املدرجه في عداد التحف لشروط مصادقه وتسجيل خاصه تحددها االداره تخضع املركبات املذكوره للمراقبه التقنيه الدوريه وفق شروط خاصه تحددها االداره وللتامين .االجباري علا السيارات اذا كانت تسير علا الطريق العموميه القسم الثالث قواعد ا,,,,definition,documents,3,regles_circulation
85,85 املاده يراد في مفهوم هذا القانون بما يلي تجمع عمراني فضاء تجتمع فيه مبان ويشار خصيصا الا مداخله ومخارجه ؛ باحه عامه للتوقف كل مكان لتوقف املركبات في فضاء محروس او غير محروس مملوك لجماعه عموميه ومفتوح في وجه جميع مستعملي الطريق العموميه ؛ ،طريق سيا,,,poids_lourd,obligation,"vitesse, stationnement, nuit, autoroute",3,regles_circulation
86,86 املاده .تحدد قواعد السير الواجبات التي علا مستعملي الطريق العموميه التقيد بها تحدد هذه القواعد من قبل االداره قصد الحفاظ، في كل مكان وفي كل الظروف، علا النظام العام والسالمه العموميه وسالمه السائقين والراكبين وحمايه صحه االشخاص وجوده البيئه وحمايه,,,,definition,,3,regles_circulation
87,87 املاده يجب ان تمكن قواعد السير علا الطريق العموميه، املبنيه علا املبادئ املحدده اعاله، من تسهيل سير مستعملي الطريق العموميه وسيوله سير املركبات وسالمه نقل االشخاص واملمتلكات واستعمال .املركبات من غير مضايقه املستعملين االخرين للطريق العموميه لهذه,,,leger,obligation,"vitesse, stationnement, alcool, depassement",3,regles_circulation
88,88 املاده 87 عالوه علا قواعد االستعمال العام واالستعمال الخاص للطريق العموميه املشار اليها في املاده اعاله، تتعلق قواعد السير علا الطريق السيار خاصه بما يلي شروط ولوج الطريق السيار والخروج منه عبر املسالك املوصله اليه ؛ 1 املستعملون املسموح لهم او ام,,,leger,definition,stationnement,3,regles_circulation
89,89 املاده يمكن للسلطه الحكوميه املكلفه بالطرق او للسلطات املحليه او للجماعات الترابيه، كل داخل نطاق اختصاصها، ان تسن التدابير الدائمه او املؤقته الالزمه لضمان سهوله او سالمه السير او لتفادي . االتالف غير العادي للطريق العموميه يمكن ان تحد التدابير ام,,,,definition,,2,permissions_exceptions
90,90 املاده ترجح االشارات التي يعطيها االعوان املؤهلون قانونا لذلك واملنظمون للسير في الطريق العموميه .علا كل تشوير او اضواء التشوير او قواعد السير .ترجح اشارات اضواء التشوير علا عالمات التشوير الطرقي االخرا .ترجح عالمات التشوير املتحركه علا العالمات ا,,,,definition,,3,regles_circulation
91,91 املاده يمنع علا املركبات، بالرغم عن كل االحكام املخالفه، كل اشهار يستعمل الضوء بواسطه اله او جهاز .عاكس للضوء يمنع كذلك، وضع اللوحات االشهاريه علا الطريق العموميه والالفتات وكل االجهزه االخرا التي تبهر السائقين او تؤدي بهم الا الخطا او تمثل او تقل,,,,obligation,,3,regles_circulation
92,92 املاده يجب علا كل سائق ان يكون في حاله بدنيه وعقليه تمكنه من سياقه مركبته او حيواناته وفي التحكم فيها باستمرار ؛ 1 ان يمتنع عن السياقه خاصه في الحاالت التاليه 2 تحت تاثير الكحول او املواد املخدره ؛ تاثير االدويه التي تحظر السياقه بعد تناولها والتي,,,leger,obligation,alcool,0,permis_conduite
93,93 املاده .يجب علا كل سائق استعمال اجهزه السالمه ولوازمها وفق الشروط املحدده من قبل االداره,,,,obligation,,0,permis_conduite
94,94 املاده يجب علا كل راجل عند استعماله الطريق العموميه اتخاذ االحتياطات الالزمه لتجنب كل خطر سواء علا نفسه او علا الغير ؛ التقيد بقواعد السير الخاصه املتعلقه به واملحدده بهذا القانون والنصوص املتخذه لتطبيقه ؛ .االمتناع عن كل عمل يمكن ان يلحق ضررا ببي,,,leger,obligation,documents,2,permissions_exceptions
95,95 املاده تصدر االداره قرارا بسحب رخصه السياقه، اذا لم يدفع الشخص الحاص,,,leger,sanction,documents,0,permis_conduite
96,96 املاده تصدر االداره قرارا بتوقيف رخصه السياقه ملده ال تتجاوز ثالثه ا,,,leger,definition,"vitesse, stationnement, depassement, documents",0,permis_conduite
97,97 املاده من شوال13 بتاريخ1.16.106 الصادر بتنفيذه الظهري الرشيف رقم116.14 غريت مبوجب املاده االوال من القانون رقم 5870 ، ص2016 اغسطس11 1437 ذي القعده7 بتاريخ6490 ، ج.ر عدد2016 يوليو18 1437 يمكن ان تصدر االداره قرارا بسحب رخصه السياقه من هذا القانون،,,,leger,definition,documents,5,references_legales
98,98 املاده 96 و95 يتوقف اثر توقيف او سحب رخصه السياقه املقرر من قبل االداره وفقا الحكام املواد ، اعاله، كيفما كانت مدته، بعد اي قرار بالحفظ تصدره النيابه العامه او اذا اصبح قابال للتنفيذ97و من اجل نفس االفعال، مقرر قضائي حائز لقوه الاشيء املقغضي به بت,,,leger,sanction,"stationnement, documents",0,permis_conduite
99,99 املاده من هذا القانون، تقوم، بقوه القانون، السلطه املحدثه لديه,,,leger,sanction,"vitesse, stationnement, alcool, autoroute, telephone, ceinture, depassement, documents",0,permis_conduite
100,100 املاده اعاله، وفي حاله تعدد الجنح املرتكبه في ان واحد من بينها جنحه واحده99 استثناء من احكام املاده اعاله، فان عدد النقط الواجب خصمها من رصيد النقط99 من املاده5 و3 و1 من الجنح املشار اليها في نقطه علا االكثر، وفي حاله تعدد الجنح االخرا املرتكبه ف,,,,definition,,0,permis_conduite
101,101 املاده اليمكن توقيف املركبات او ايداعها باملحجز اال في الحاالت ووفق الشروط املنصوص عليها في هذا .القانون الفرع االول توقيف املركبات,,,,definition,,3,regles_circulation
102,102 املاده توقيف املركبه هو االمر الذي يصدره العون محرر املحضر، احتياطيا، للسائق بتوقيف مركبته في .مكان معاينه املخالفه او علا مقربه منه، مع التقيد بالقواعد املتعلقه بالتوقف .تبقا املركبه، خالل مده توقيفها، تحت املسؤوليه القانونيه لسائقها او ملالكها,,,leger,definition,stationnement,0,permis_conduite
103,103 املاده او عند االقتضاء مالك املركبه، للقيام بسياقتها ؛ اعاله، اذا تعلق االمر بانعدام او عدم مطابقه103 من املاده10 في الحاالت املشار اليها في البند 3 جهاز قياس السرعه وزمن السياقه، يتم توقيف املركبه الا حين ادالء املخالف بما يثبت شراءه للجهاز وتسل,,,leger,obligation,"vitesse, documents",0,permis_conduite
103,103 املاده عالوه علا الحاالت املنصوص عليها في القانون، يجب االمر بتوقيف,,,leger,obligation,"vitesse, alcool, depassement, documents",0,permis_conduite
103,103 املاده يجب عند تجاوز عدد الركاب املاذون به في حاله النقل الجماعي لالشخاص، نقل االشخاص 1 اعاله، وال يمكن السماح للمركبه املوقوفه104 الزائدين وفق احكام الفقره االخيره من املاده بمواصله السير الا حين ضمان وسائل النقل الضروريه لنقل االشخاص الزائدين ؛,,,leger,obligation,"stationnement, depassement",2,permissions_exceptions
104,104 املاده اعاله، حسب الحاالت، علا النحو التالي102 يتم توقيف املرك,,,leger,definition,documents,0,permis_conduite
105,105 املاده وفي9 الا5 يمكن تنفيذ قرار التوقيف الناتج عن مخالفه تتعلق بالحاالت املشار اليها في البنود من اعاله، في مكان يستطيع فيه سائق املركبه الحصول علا وسائل103 من املاده14 و12 و11 البنود انهاء املخالفه. وال تجوز ممارسه هذه االمكانيه، اال اذا كان من,,,,definition,,2,permissions_exceptions
106,106 املاده من20 و19 و18 يتم توقيف املركبه علا النحو التالي، فيما يخص الحاالت املشار اليها في البنود اعاله,,,,definition,,0,permis_conduite
107,107 املاده اذا لم يتم انهاء املخالفه التي بررت التوقيف، وقت مغادره العون محرر املحضر ملكان ايقاف املركبه، يقوم هذا العون برفع االمر الا االداره التابع لها مع تسليمها شهاده التسجيل او رخصه .السياقه حسب نوعيه املخالفه يوجه املحضر الا االداره مرفقا بجذا,,,leger,obligation,documents,0,permis_conduite
108,108 املاده يرفع التوقيف، ما لم توجد احكام مخالفه في عين املكان، من قبل العون محرر املحضر، الذي امر به وذلك فور انهاء املخالفه ؛ 1 من قبل السلطه املؤهله التابع لها العون محرر املحضر واملرفوع اليها االمر وفق الشروط 2 ، اعاله، بمجرد ما يثبت السائق انتها,,,,definition,,0,permis_conduite
109,109 املاده ساعه، من ساعه توقيف72 اذا لم يثبت املخالف انتهاء املخالفه، د,,,,definition,,0,permis_conduite
110,110 املاده االيداع في املحجز هو تنقيل مركبه او جزء من مركبه متمفصله موضوع مخالفه، الا مكان يعينه العون محرر املحضر او السلطه املختصه او السلطه القضائيه وحراستها فيه، قصد االحتفاظ بها في .ذلك املكان طوال املده املقرره، علا نفقه مالكها . يتم توقيف املر,,,leger,obligation,,0,permis_conduite
111,111 املاده عالوه علا الحاالت املنصوص عليها في القانون، يصدر ضابط الشرطه,,,leger,obligation,"vitesse, stationnement, depassement, documents",0,permis_conduite
112,112 املاده من13 الصادر يف1.16.106 الصادر بتنفيذه الظهري الرشيف رقم116.14 اضيفت مبوجب املاده الثالثه من القانون رقم 5882 ، ص2016 اغسطس11 1437 ذي القعده7 بتاريخ6490 ،ج.ر عدد2016 يوليو18 1437 شوال عالوه علا الحاالت املنصوص عليها في القانون، يصدر ضابط ال,,,leger,sanction,"stationnement, autoroute",5,references_legales
112,112 املاده بتاريخ1.16.106 الصادر بتنفيذه الظهري الرشيف رقم116.14 نسخت وعوضت مبوجب املاده الثانيه من القانون رقم 5880 ، ص2016 اغسطس11 1437 ذي القعده7 بتاريخ6490 ، ج.ر عدد2016 يوليو18 1437 من شوال13 عالوه علا الحاالت املنصوص عليها في القانون، ومع مراعا,,,leger,definition,"vitesse, stationnement, depassement",5,references_legales
113,113 املاده يجب علا العون محرر املحضر، الذي اعد محضر معاينه املخالفه املبرره لاليداع في املحجز، ان يحيل االمر علا ضابط الشرطه القضائيه املختص من حيث املكان او علا السلطه التابع لها العون .املذكور، في الحاالت التي ينص فيها هذا القانون علا االيداع في ام,,,leger,obligation,documents,0,permis_conduite
114,114 املاده اذا اودع السائق او املالك او املسؤول املدني املركبه باملحجز، وجب عليه ان يسلم الا حارس املحجز االمر بااليداع، الذي يعده العون محرر املحضر او االداره، ويتسلم من الحارس املذكور .شهاده بااليداع في املحجز يجب علا العون محرر املحضر عند قيامه با,,,,obligation,,0,permis_conduite
115,115 املاده ال يمكن اصالح املركبه املودعه في املحجز بسبب سوء حالتها امليكانيكيه التي ال تسمح بالسير وفق .شروط السالمه العاديه، اال بعد انقضاء مده االيداع ال يمكن ان يسحب املركبه من املحجز اال املكلفون من قبل املالك او السائق او املسؤول املدني .بانجاز,,,,definition,,2,permissions_exceptions
116,116 املاده يجب ازاحه املركبه املودعه في املحجز، لعدم توفرها علا وثيقه املراقبه التقنيه او لعدم صالحيه هذه االخيره، ونقلها الا اقرب مركز للمراقبه التقنيه، بواسطه مركبه مرخص لها، الخضاعها الا .املراقبه التقنيه,,,leger,obligation,documents,0,permis_conduite
117,117 املاده .يتحمل مالك املركبه او املسؤول املدني عنها مصاريف االزاحه والحراسه في املحجز والخبره 50 االمانه العامه للحكومه الباب الرابع احكام متفرقه,,,,definition,,0,permis_conduite
118,118 املاده اعاله لغرامه60 و59 يتعرض كل مالك او حائز ملركبه ال يتقيد باا,500.0,,leger,sanction,documents,0,permis_conduite
119,119 املاده كل مالك مركبه اجنبيه، التتوفر علا رقم تسجيل مغربي، يقوم بعمليه النقل بين نقطتين داخل التراب املغربي، دون ترخيص خاص مسلم من قبل مصالح السلطه الحكوميه املكلفه بالنقل، يعاقب . درهم عن كل طن من الوزن االجمالي للمركبه محمله5000 بغرامه اداريه مب,5000.0,,leger,sanction,,1,sanctions_amendes
120,120 املاده تحدث جذاذيتان اداريتان تتعلق االولا برخص السياقه والثانيه باملركبات، تسميان تباعا الجذاذيه الوطنيه لرخصه السياقه و الجذاذيه الوطنيه للمركبه تسجل فيهما تلقائيا املعطيات . بعده133 و128 املنصوص عليها في املادتين 51 االمانه العامه للحكومه,,,leger,definition,documents,0,permis_conduite
121,121 املاده تهدف الجذاذيتان املحدثتان بهذا القانون الا تمكين االشخاص املعنيين باملعطيات التي تم تجميعها، من التوفر علا معلومات حول وضعيه رخصه السياقه او املركبه املقصوده ؛ االدارات واالشخاص العموميين االخرين، املاذون لهم بموجب القانون، من االطالع علا,,,leger,definition,documents,0,permis_conduite
122,122 املاده تختص السلطه الحكوميه املكلفه بالنقل او املوظفون املنتدبون من لدنها لهذا الغرض، واملنشوره ،قائمتهم في الجريده الرسميه، وحدهم باصدار االمر او القيام او العمل علا القيام، تحت مسؤوليتهم بتسجيل املعطيات املنصوص عليها في هذا القانون وتصحيحها وتح,,,,definition,,0,permis_conduite
123,123 املاده يجب علا السلطه املختصه، عندما تتلقا املعطيات الواجب تسجيلها، ان تخبر بذلك االشخاص املعنيين، مع بيان حقهم في االطالع والتصحيح املخول لهم بموجب هذا القانون وكيفيات ممارسه .هذا الحق .يتم االخبار بواسطه رساله مضمونه مع اشعار باالستالم,,,,obligation,,0,permis_conduite
124,124 املاده يمكن ان تعالج املعلومات واملعطيات التي تم تجميعها تطبيقا لهذا القانون، بطريقه اليه، وفقا .للقواعد التي تحددها االداره,,,,definition,,2,permissions_exceptions
125,125 املاده يلزم االشخاص املكلفون، باي صفه من الصفات، بمسك الجذاذيتين بكتمان السر املنهي، وفقا . من القانون الجنائي وتحت طائله العقوبات املقرره فيه446 الحكام الفصل 52 االمانه العامه للحكومه,,,,definition,,0,permis_conduite
126,126 املاده 5000 الا خمسه االف2000 يعاقب بالحبس من ثالثه اشهر الا ثالث سنوات وبغرامه من الفين درهم علا القيام، بسوء نيه، بتسجيل ادانه قضائيه او قرار اداري في الجذاذيه الوطنيه لرخصه .السياقه او في الجذاذيه الوطنيه للمركبه,2000.0,,leger,sanction,documents,1,sanctions_amendes
127,127 املاده 2000 بصرف النظر عن العقوبه االشد، يعاقب بالحبس من شهر الا سته اشهر وبغرامه من الفين درهم او باحدا هاتين العقوبتين فقط، علا كل انتحال السم او صفه قصد5000 الا خمسه االف .الحصول علا كشف للبيانات املسجله واملتعلقه باحد االغيار تطبق نفس العقوبه,2000.0,,leger,sanction,documents,1,sanctions_amendes
128,128 املاده اعاله ووفق الشروط122 تقوم السلطات املختصه او تعمل علا القيام، طبقا الحكام املاده والكيفيات التي تحددها االداره، بتسجيل املعطيات املتعلقه برخصه السياقه، في الجذاذيه الوطنيه لرخصه السياقه، وخاصه منها املعلومات املتعلقه برخصه السياقه، املطلوب,,,leger,definition,documents,0,permis_conduite
129,129 املاده يجب محو املعلومات املتعلقه باالدانات القضائيه الصادره في شان,,,leger,sanction,documents,0,permis_conduite
130,130 املاده يحق لصاحب رخصه السياقه االطالع علا الكشف الكامل للبيانات املتعلقه به وتسلم نسخه منه بطلب منه. وله ان يطلب تصحيح املعطيات املغلوطه او محو املعطيات وفق الشروط املنصوص عليها . في هذا القانون والنصوص الصادره لتطبيقه,,,leger,definition,documents,0,permis_conduite
131,131 املاده يسلم كشف البيانات الشخصيه املتعلقه برخصه السياقه، الا السلطات التاليه، بناء علا طلبها السلطات القضائيه ؛ 1 ضباط الشرطه القضائيه املكلفون بتنفيذ امر قضائي او العاملون في اطار بحث قضائي ؛ 2 السلطات االداريه املختصه، للبت في توقيف رخصه السياق,,,leger,definition,documents,0,permis_conduite
132,132 املاده ،تبلغ املعلومات املتعلقه بوجود رخصه السياقه وصنفها وصالحيتها وبهويه صاحبها، بناء علا طلبهم الا محامي او وكيل صاحب رخصه السياقه ؛ 1 السلطات االجنبيه املختصه، قصد اثبات صحه رخصه السياقه، طبقا لالتفاقات الدوليه 2 الجاري بها العمل ؛ ضباط او اع,,,leger,definition,"alcool, documents",0,permis_conduite
133,133 املاده اعاله ووفق الشروط والكيفيات122 تقوم السلطات املختصه او تعمل علا القيام، طبقا الحكام املاده التي تحددها االداره، بتسجيل املعطيات املتعلقه باملركبات في الجذاذيه الوطنيه للمركبه، خاصه منها ، املعلومات املتعلقه بهويه املالك وعنوانه ورقم بطاقته,,,leger,definition,,0,permis_conduite
134,134 املاده يحق لصاحب شهاده التسجيل او سند امللكيه االطالع علا الكشف الك,,,,definition,,0,permis_conduite
135,135 املاده اعاله، بناء علا طلبهم، الا133 تبلغ املعلومات واملعطيات,,,,definition,,0,permis_conduite
136,136 املاده تبلغ املعلومات املتعلقه بشهادات التسجيل او سند امللكيه والخص,,,leger,obligation,documents,0,permis_conduite
138,138 املاده تحدد علا النحو التالي انواع املخالفات الحكام هذا القانون وللنصوص الصادره لتطبيقه الجنح ؛ املخالفات من الدرجه االولا ؛ املخالفات من الدرجه الثانيه ؛ .املخالفات من الدرجه الثالثه,,,,definition,,0,permis_conduite
139,139 املاده من القانون الجنائي، تعتبر الغرامات املنصوص عليها في هذا القانون18 استثناء من احكام الفصل للمعاقبه علا املخالفات الحكامه والحكام النصوص الصادره لتطبيقه. ما عدا الغرامات املحدده في 177 الا175 وفي املواد من166 و165 و163 وفي املواد161 الا155 و,,,,sanction,,0,permis_conduite
140,140 املاده يكون كل سائق مسؤوال جنائيا عما يرتكبه من مخالفات الحكام هذا القانون والنصوص الصادره .لتطبيقه,,,,definition,,0,permis_conduite
141,141 املاده اذا ارتكبت مخالفه الحكام هذا القانون والنصوص الصادره لتطبيقه، بواسطه مركبه مسجله في اسم شخص ذاتي ولم يتم التعرف علا هويه السائق اثناء معاينه املخالفه، او تعذر التعرف عليه فيما بعد وكانت العقوبه املنصوص عليها هي الغرامه، اعتبرت هذه املخالفه,,,leger,sanction,,0,permis_conduite
142,142 املاده اذا ارتكبت مخالفه الحكام هذا القانون والنصوص الصادره لتطبيقه، بواسطه مركبه مسجله في اسم شخص معنوي، ولم يتم التعرف علا هويه السائق اثناء معاينه املخالفه، او تعذر التعرف عليه فيما بعد، يجب علا االشخاص الذاتيين الذين يمثلون الشخص املعنوي الكش,,,leger,obligation,,0,permis_conduite
143,143 املاده يكون مالك املركبه او الشاحن او الناقل للبضائع او لالشخاص عبر الطرق او الوكيل بالعموله او املرسل او املرسل اليه او كل مصدر اخر لالمر، الذي احدث او ساهم في احداث وضعيه مسببه لضرر، مسؤوال جنائيا، اذا ثبت انه خرق بشكل عمدي احد واجبات االحتياط,200.0,,,sanction,,0,permis_conduite
144,144 املاده يكون كل مالك مركبه او حيوانات مسؤوال عن الغرامات والتعويض عن الضرر واملصاريف التي يمكن ان يحكم بها علا تابعه، بموجب هذا القانون، من اجل مخالفه مرتكبه اثناء القيام باملهام التي .كلفه بها ،غير انه يمكن للمحكمه، دون االخالل باملسؤوليه الجنائي,,,leger,definition,,2,permissions_exceptions
145,145 املاده ،عندما يحرر اكثر من محضر لسائق بشان مخالفه تتعلق بعيوب ميكانيكيه في املركبه او في معداتها ماعدا العيوب املتعلقه باجهزه السالمه، فال يجوز معاقبته اال مره واحده من اجل ارتكاب نفس . ساعه الفاصل بين املعاينه االولا واملعاينه االخيره للمخالفه72,,,,definition,,0,permis_conduite
146,146 املاده من القانون الجنائي، عندما تتم معاينه عده مخالفات ضد نفس121 استثناء من احكام الفصل .الشخص، تضم العقوبات املاليه املقرره بالنسبه الا كل جنحه وكل مخالفه,,,,definition,,0,permis_conduite
147,147 املاده ال يمكن نقل ملكيه ايه مركبه، ما لم يقرر القضاء خالف ذلك، او تحصيل الضريبه الخصوصيه السنويه علا السيارات او الرسم علا محور املحرك اال بعد اثبات اداء الغرامات الصادر في شانها علا .املالك مقرر قابل للتنفيذ من اجل مخالفه الحكام هذا القانون ولل,,,leger,definition,documents,2,permissions_exceptions
148,148 املاده بعده، يعاقب بغرامه من الفين149 دون االخالل بالعقوبات االشد ومع مراعاه احكام املاده درهم، كل شخص4.000 الا اربعه االف2.000 . يسوق مركبه تتطلب سياقتها الحصول علا رخصه سياقه دون ان يكون حاصال علا تلك الرخصه 1 اشهر ؛3 يعاقب املخالف، عالوه علا ذ,2000.0,,leger,sanction,documents,1,sanctions_amendes
149,149 املاده اعاله، توقف املركبه في مكانها الا ان يقوم بسياقتها سائق148 في الحاالت املشار اليها في املاده حاصل علا رخصه سياقه من نفس صنف املركبه يقترحه املخالف او، عند االقتضاء، مالك املركبه او حائزها. واذا تعذر ذلك، جاز لالعوان محرري املحاضر اتخاذ كاف,,,leger,definition,"stationnement, documents",0,permis_conduite
150,150 املاده من القانون الجنائي ودون االخالل بالعقوبات361 في ماعدا الحاالت املنصوص عليها في الفصل الا5.000 اشهر وبغرامه من خمسه االف درهم6 االشد، يعاقب بالحبس من شهر واحد الا سته درهم او باحدا هاتين العقوبتين فقط، كل شخص حصل بعد اجتياز امتحان20.000 عشر,5000.0,,leger,sanction,documents,1,sanctions_amendes
151,151 املاده الا خمسه االف2.000 سنوات وبغرامه من الفين3 اشهر الا ثالث6 يعاقب بالحبس من سته درهم، كل شخص5.000 استعمل وسائل غير قانونيه للمشاركه في امتحان الحصول علا رخصه السياقه دون ان يكون 1 له الحق في ذلك ؛ ادلا بتصريحات كاذبه عن هويته او انتحل او حاو,2000.0,,leger,sanction,documents,1,sanctions_amendes
152,152 املاده درهم، كل شخص صدر في حقه8.000 درهم الا ثمانيه االف2.000 يعاقب بغرامه من الفي مقرر قضائي حائز لقوه الاشيء املقغضي به او قرار اداري بتوقيف رخصه السياقه او بسحبها او بالغائها لم يودع رخصه السياقه الخاصه به لدا االداره، داخل االجال املحدده له ؛,8000.0,,leger,sanction,documents,1,sanctions_amendes
152,152 املاده من13 الصادر يف1.16.106 الصادر بتنفيذه الظهري الرشيف رقم116.14 اضيفت مبوجب املاده الثالثه من القانون رقم 5882 ، ص2016 اغسطس11 1437 ذي القعده7 بتاريخ6490 ،ج.ر عدد2016 يوليو18 1437 شوال درهم، كل شخص لم يسلم رخصه4.000 درهم الا اربعه االف1.000,4000.0,,leger,sanction,documents,5,references_legales
153,153 املاده اعاله، قد صدر في حقه مقرر152 اذا كان املخالف وقت ارتكابه احدا املخالفات املنصوص عليها في املاده قضائي حائز لقوه الاشيء املقغضي به بتوقيف رخصه السياقه، فعلا املحكمه املختصه تحويل توقيف الرخصه الا الغاء، مع املنع من التقدم المتحان الحصول علا,,,leger,definition,documents,0,permis_conduite
154,154 املاده درهم الا1.200 سنوات وبغرامه من الف ومائتي3 اشهر الا ثالث6 يعاقب بالحبس من سته درهم كل شخص يسوق برخصه سياقه مزوره مركبه تتطلب سياقتها الحصول5.000 خمسه االف .علا رخصه سياقه ال يجوز للمخالف اجتياز امتحان الحصول علا رخصه سياقه اال بعد انصرام ا,5000.0,,leger,sanction,documents,1,sanctions_amendes
155,155 املاده من شوال13 بتاريخ1.16.106 الصادر بتنفيذه الظهري الرشيف رقم116.14 غريت مبوجب املاده االوال من القانون رقم 5872 ، ص2016 اغسطس11 1437 ذي القعده7 بتاريخ6490 ، ج.ر عدد2016 يوليو18 1437 درهم كل شخص استعمل رخصه5.000 الا خمسه االف2.000 يعاقب بغرامه,2000.0,,leger,sanction,"stationnement, documents",5,references_legales
156,156 املاده درهم عن كل مركبه، كل30.000 الا ثالثين الف15.000 يعاقب بغرامه من خمسه عشر الف صانع مركبات او وكيل او مستورد او مالك لها عرض او يعرض للبيع مركبه او عده مركبات غير مصادق عليها او غير مطابقه للصنف املصادق 1 عليه ؛ رفض اخضاع مركبته او مركباته ل,20000.0,,leger,sanction,,1,sanctions_amendes
157,157 املاده درهم، كل صانع مركبات او30.000 الا ثالثين الف5.000 يعاقب بغرامه من خمسه االف ،كل وكيل او مستورد او مالك لها رفض اخضاع مركبته، التي ادخل تغييرا علا خصائصها التقنيه .للمصادقه من جديد او اهمل ذلك اشهر الا سنه واحده وبضعف الغرامه3 في حاله العود,5000.0,,leger,sanction,stationnement,1,sanctions_amendes
158,158 املاده يعاقب علا اعاده استخدام كل مركبه خاضعه للتسجيل اصيبت باضرار خطيره دون تقديم تقرير خبره بشانها ودون املصادقه عليها بغرامه درهم بالنسبه للمركبات التي يقل وزنها30.000 الا ثالثين الف5.000 من خمسه االف 1 كيلوغرام ؛3.500 االجمالي املاذون به محمل,5000.0,,leger,sanction,,1,sanctions_amendes
159,159 املاده يعاقب علا االستمرار في استخدام مركبه، علا الطريق العموميه، خاضعه للتسجيل بمقتغضا احكام هذا القانون، غير قابله لالصالح تقنيا واملسحوبه شهاده تسجيلها، بغرامه درهم بالنسبه للمركبات التي يقل وزنها30.000 الا ثالثين الف5.000 من خمسه االف 1 كيلوغ,5000.0,,leger,sanction,,1,sanctions_amendes
160,160 املاده درهم، كل من استخدم مركبه خاضعه6.000 الا سته االف2.000 يعاقب ب,2000.0,,leger,sanction,,1,sanctions_amendes
161,161 املاده بتاريخ1.16.106 الصادر بتنفيذه الظهري الرشيف رقم116.14 نسخت وعوضت مبوجب املاده الثانيه من القانون رقم 5881 ، ص2016 اغسطس11 1437 ذي القعده7 بتاريخ6490 ، ج.ر عدد2016 يوليو18 1437 من شوال13 درهم، كل سائق مركبه، خاضعه12.000 الا اثني عشر الف2.00,2000.0,,leger,sanction,,5,references_legales
162,162 املاده الا خمسه االف2.000 سنوات وبغرامه من الفين3 اشهر الا ثالث6 يع,2000.0,,leger,sanction,,1,sanctions_amendes
162,162 املاده درهم، كل شخص غير معتمد من60.000 الا ستين الف30.000 يع,20000.0,,,sanction,,1,sanctions_amendes
163,163 املاده درهم عن عدم تقديم التصريح5.000 الا خمسه االف3.000 يعاقب بغرامه من ثالثه االف . اعاله62 املنصوص عليه في املاده,3000.0,,,sanction,,1,sanctions_amendes
164,164 املاده من13 الصادر يف1.16.106 الصادر بتنفيذه الظهري الرشيف رقم116.14 اضيفت مبوجب املاده الثالثه من القانون رقم 5883 ، ص2016 اغسطس11 1437 ذي القعده7 بتاريخ6490 ،ج.ر عدد2016 يوليو18 1437 شوال درهم، كل مشغل لسائق مركبه200.000 الا مائتي الف100.000 يع,100000.0,,leger,sanction,vitesse,5,references_legales
164,164 املاده الا اثني5.000 اشهر وبغرامه من خمسه االف6 يعاقب بالحبس من شهر واحد الا سته درهم او باحدا هاتين العقوبتين فقط، كل مسؤول عن استغالل مركبه لنقل12.000 عشر الف البضائع او مركبه للنقل الجماعي لالشخاص خاضعه الجباريه تجهيزها بجهاز لتحديد السرعه او,5000.0,,leger,sanction,vitesse,1,sanctions_amendes
165,165 املاده يمنع وضع او تكييف او استعمال او تركيب اله او جهاز او ماده معده اما لكشف وجود اداه مستعمله .ملعاينه املخالفات الحكام هذا القانون والنصوص الصادره لتطبيقه واما لالخالل بسير تلك االداه الا عشره االف5.000 يعاقب علا كل مخالفه الحكام الفقره الساب,5000.0,,,sanction,,0,permis_conduite
166,166 املاده ، اعاله1 166 من الفقره الثانيه من املاده6 الا2 يتعرض مرتكب,,,leger,sanction,documents,0,permis_conduite
166,166 املاده 10.000 الا عشره االف5.000 دون االخالل بالعقوبات االشد، يعاقب بغرامه من خمسه االف درهم، علا ما يلي القيام في الطريق العموميه او ملحقاتها باستخدام مركبه او اي اله او اريبه اخرا قد تلحق 1 اضرارا بالطريق املذكوره او بملحقاتها. ويحكم علا املخال,5000.0,,leger,sanction,,1,sanctions_amendes
166,166 املاده كل سائق ثبتت مسؤوليته عن حادثه سير وتسبب للغير، نتيجه هذه,200.0,,leger,sanction,"vitesse, stationnement, alcool, depassement, documents",0,permis_conduite
167,167 املاده كل سائق ثبتت مسؤوليته عن حادثه سير وتسبب للغير، نتيجه هذه ال,200.0,,leger,sanction,"vitesse, stationnement, alcool, depassement, documents",0,permis_conduite
168,168 املاده من شوال13 بتاريخ1.16.106 الصادر بتنفيذه الظهري الرشيف رقم116.14 غريت مبوجب املاده االوال من القانون رقم 5873 ، ص2016 اغسطس11 1437 ذي القعده7 بتاريخ6490 ، ج.ر عدد2016 يوليو18 1437 . اشهر3 لتوقيف رخصه السياقه ملده167 يتعرض مرتكبو املخالفات ا,,,leger,sanction,documents,5,references_legales
169,169 املاده من شوال13 بتاريخ1.16.106 الصادر بتنفيذه الظهري الرشيف رقم116.14 غريت مبوجب املاده االوال من القانون رقم 5873 ، ص2016 اغسطس11 1437 ذي القعده7 بتاريخ6490 ، ج.ر عدد2016 يوليو18 1437 الحادثه عن غير عمد، بعدم كل سائق ثبتت مسؤوليته عن حادث سير و,400.0,,leger,sanction,"vitesse, stationnement, alcool, depassement, documents",5,references_legales
170,170 املاده اعاله ملا يلي169 يتعرض مرتكبو املخالفات املنصوص عليها في املاده توقيف رخصه السياقه ملده ثالثه اشهر الا سنه ؛ 1 اعاله، الغاء رخصه السياقه مع املنع169 في الحاالت املنصوص عليها في الفقره الثانيه من املاده 2 من اجتياز امتحان الحصول علا رخصه جد,,,leger,sanction,documents,0,permis_conduite
171,171 املاده يخضع لزوما، بامر من وكيل امللك، لخبره طبيه كل شخص، ضحيه حادث,,,,definition,,0,permis_conduite
172,172 املاده كل سائق ثبتت مسؤوليته عن حادثه سير وتسبب، نتيجه هذه الحادثه،,500.0,,leger,sanction,"vitesse, stationnement, alcool, depassement, documents",0,permis_conduite
173,173 املاده اعاله ملا يلي172 يتعرض مرتكبو املخالفات املنصوص عليها في املاده توقيف رخصه السياقه ملده سنه الا ثالث سنوات ؛ 1 اعاله، الغاء رخصه السياقه مع املنع172 في الحاالت املنصوص عليها في الفقره الثانيه من املاده 2 من اجتياز امتحان الحصول علا رخصه جد,,,leger,sanction,documents,0,permis_conduite
174,174 املاده يجب علا االداره، في حاله عدم توصلها بنسخه من الحكم بتوقيف رخصه السياقه، ان ترجع الرخصه . اعاله173 و170 و168 الا صاحبها، عند انصرام املده القصوا املنصوص عليها في املواد الفرع الخامس الجنح املتعلقه بسلوك السائق,,,leger,obligation,documents,0,permis_conduite
175,175 املاده درهم وبتوقيف رخصه السياقه8.000 الا ثمانيه االف4.000 يعاقب بغرامه من اربعه االف ملده تتراوح ما بين شهر واحد وثالثه اشهر، كل سائق ارتكب احدا املخالفات التاليه كلم في الساعه ؛50 تجاوز السرعه القصوا املسموح بها بما يعادل او يفوق الرجوع الا الخ,4000.0,,leger,sanction,"vitesse, autoroute, depassement, documents",1,sanctions_amendes
176,176 املاده درهم وبتوقيف رخصه السياقه3.000 الا ثالثه االف1.200 يعاقب بغرامه من الف ومائتين ملده تتراوح ما بين شهر واحد وثالثه اشهر، كل سائق ارتكب احدا املخالفات التاليه عدم تشغيل جهاز قياس السرعه وزمن السياقه ؛ تجاوز املده القصوا للسياقه ؛ .عدم احترام,200.0,,leger,sanction,"vitesse, depassement, documents",1,sanctions_amendes
177,177 املاده يعاقب مالك املركبه عن تجاوز الوزن االجمالي املاذون به للمركبه محمله، املقيد في شهاده التسجيل، بما . درهم عن كل طن من الحموله الزائده2.000 الا الفي1.200 بغرامه من الف ومائتين 40 يفوق .يعتبر كل جزء من الطن يتجاوز خمسمائه كيلوغرام بمثابه طن ف,200.0,,leger,sanction,depassement,1,sanctions_amendes
178,178 املاده دون االخالل بالعقوبات االشد، يعاقب عن تجاوز الوزن املاذون به عند املرور باحدا منشات 4.000 الا اربعه االف1.500 العبور، بالحبس من شهر الا ثالثه اشهر وبغرامه من الف وخمسمائه .درهم عن كل طن زائد او باحدا هاتين العقوبتين فقط .يعتبر كل جزء من ال,500.0,,leger,sanction,"depassement, documents",1,sanctions_amendes
179,179 املاده يمنع القيام في الطرق السياره واملسالك املوصله اليها بسباقات املركبات ذات محرك او التظاهرات .الرياضيه االخرا ايا كان اسمها 73 االمانه العامه للحكومه درهم، كل من خالف احكام30.000 الا ثالثين الف20.000 يعاقب بغرامه من عشرين الف .الفقره االولا,200.0,,leger,sanction,,1,sanctions_amendes
180,180 املاده .يمنع القيام في الطرق السياره واملسالك املوصله اليها بسباقات الراجلين او الدراجات درهم، كل من خالف احكام الفقره3.000 الا ثالثه االف1.200 يعاقب بغرامه من الف ومائتين .االولا اعاله درهم، منظمو سباقات الراجلين3.000 الا ثالثه االف1.200 يعاقب ب,200.0,,leger,sanction,,1,sanctions_amendes
181,181 املاده 1200 دون االخالل بالعقوبات التي يتعرض لها الي سبب اخر، يعاقب,200.0,,leger,sanction,stationnement,1,sanctions_amendes
182,182 املاده من هذا القانون، يعاقب بالحبس من شهر الا سته172 و169 و167 دون االخالل باحكام املواد ، درهم او باحدا هاتين العقوبتين فقط10.000 الا عشره االف2.000 اشهر وبغرامه من الفين كل سائق ارتكب حادثه سير او تسبب في وقوعها ولم يتوقف وحاول، سواء بالفرار ا,2000.0,,leger,sanction,"stationnement, documents",1,sanctions_amendes
183,183 املاده الصادر بتنفيذه الظهري الرشيف116.14 غريت مبوجب املاده االوال من القانون رقم 6490 ، ج.ر عدد2016 يوليو18 1437 من شوال13 بتاريخ1.16.106 رقم 5874 ، ص2016 اغسطس11 1437 ذي القعده7 بتاريخ الا عشره5.000 اشهر الا سنه واحده وبغرامه من خمسه االف6 يعاق,5000.0,,leger,sanction,"alcool, documents",5,references_legales
184,184 املاده . من هذا القانون48 و47 و46 تطبيقا للمواد اذا ادا املخالف مبلغ الغرامه التصالحيه والجزافيه بصفه نهائيه داخل االجل املذكور، اعيدت اليه رخصه السياقه او شهاده تسجيل او سند ملكيه املركبه، اما من قبل املصلحه التي سجلت املخالفه واما من قبل السلطه,,,leger,sanction,"stationnement, documents",0,permis_conduite
184,184 املاده الا الف700 يعاقب كل شخص ارتكب مخالفه من الدرجه االولا بغرامه,400.0,,leger,sanction,"vitesse, stationnement, ceinture, depassement, documents",1,sanctions_amendes
184,184 املاده .التي ترعا في محرم الطريق السيار او في مسلك من املسالك املوصله الا الطريق السيار في املحجز,,,,definition,,3,regles_circulation
185,185 املاده درهم، كل شخص ارتكب مخالفه من الدرجه1.000 الا الف500 يع,500.0,,leger,sanction,"vitesse, stationnement, autoroute, telephone, ceinture, depassement, documents",1,sanctions_amendes
186,186 املاده دون االخالل بالعقوبات االشد، املنصوص عليها في هذا القانون او,300.0,,,sanction,,1,sanctions_amendes
187,187 املاده درهما عن كل مخالفه لقواعد السير املقرره50 الا خمسين20 يعاقب بغرامه من عشرين . اعاله94 تطبيقا للماده الفرع الرابع مخالفه خاصه بسائقي وحراس الحيوانات,,,,sanction,,1,sanctions_amendes
188,188 املاده درهم600 الا ستمائه300 يعاقب بغرامه من ثالثمائه كل سائق او حارس لقطعان او حيوانات ترك قطعانه او حيواناته في الطريق العموميه، او سمح 1 لها بالتجول او الرعي فيها، ومالك القطعان او الحيوانات في حاله نقص ملحوظ في حراسه القطعان والحيوانات املذكو,300.0,,,sanction,,3,regles_circulation
189,189 املاده ال يعاقب علا عدم وجود او عدم كفايه اضواء املركبات، املنصوص عليها في هذا القانون وفي النصوص الصادره لتطبيقه، اذا ثبت ان عدم وجودها او عدم كفايتها ناتج عن سبب عارض طرا خالل .السير علا الطريق العموميه وان السائق تداركه باناره ارتجاليه كافيه ل,,,,sanction,,3,regles_circulation
190,190 املاده عالوه علا ضباط واعوان الشرطه القضائيه، يكلف بالبحث عن املخالفات الحكام هذا القانون والنصوص الصادره لتطبيقه ومعاينتها الضباط واالعوان التابعون للدرك امللكي ؛ 1 الضباط واالعوان التابعون لالمن الوطني ؛ 2 ، االعوان املكلفون بمراقبه النقل والسي,,,,definition,,0,permis_conduite
191,191 املاده من شوال13 بتاريخ1.16.106 الصادر بتنفيذه الظهري الرشيف رقم116.14 متمت مبوجب املاده االوال من القانون رقم 5875 ، ص2016 اغسطس11 1437 ذي القعده7 بتاريخ6490 ، ج.ر عدد2016 يوليو18 1437 يؤهل، وفقا لهذا القانون، الضباط واالعوان املشار اليهم في امل,,,leger,definition,documents,5,references_legales
192,192 املاده اعاله، ان يحملوا خالل ممارسه املراقبه علا190 يجب علا الضباط واالعوان املشار اليهم في املاده الطريق العموميه شاره خاصه تظهر علا الخصوص، االسم الشخظصي والعائلي للضابط او العون . املعني وصفته وصورته ورقمه املنهي يجب التشوير عن بعد، وفق الشروط,,,,obligation,nuit,0,permis_conduite
193,193 املاده من هذا القانون، علا كل مستعمل181 يجب، تحت طائله العقوبات املنصوص عليها في املاده اعاله والذين يستوفون190 للطريق العموميه االمتثال الوامر الضباط واالعوان املشار اليهم في املاده . اعاله192 الشروط املحدده في املاده,,,,obligation,,0,permis_conduite
194,194 املاده يجب علا العون محرر املحضر، الجل معاينه مخالفه الحكام هذا القانون وللنصوص الصادره لتطبيقه ايقاف املركبه املعنيه ؛ 1 طلب مستندات السير الخاصه بالسائق وباملركبه ؛ 2 مراقبه حاله املركبه ؛ 3 استعمال احد اجهزه القياس التي تحددها االداره الثبات ا,,,,obligation,,0,permis_conduite
194,194 املاده اذا كانت املركبه، موضوع املخالفه، تؤمن خدمه من خدمات النقل، وجب تتميم املحضر ببيان نوع الوثائق املتعلقه بمزاوله نشاط النقل، وباالشاره الا ارقام هذه الوثائق وتواريخها وعند االقتضاء الا .تواريخ صالحيتها في حاله االنجاز االلكتروني ملحضر معاين,,,,definition,,0,permis_conduite
195,195 املاده ، من القانون املتعلق باملسطره الجنائيه او في هذا القانون24 ع,,,leger,obligation,"vitesse, depassement, documents",0,permis_conduite
196,196 املاده يوثق بمضمن املحاضر املحرره في مكان املخالفه، او اعتمادا علا التقييدات االلكترونيه، بموجب .هذا القانون الا ان يثبت ما يخالف ذلك بايه وسيله من وسائل االثبات الفرع الثاني بعض وسائل معاينه املخالفات القسم الفرعي االول املعاينه االليه,,,,definition,,0,permis_conduite
197,197 املاده يمكن ان تتم معاينه واثبات املخالفات الحكام هذا القانون والنصوص الصادره لتطبيقه املتعلقه بتجاوز السرعه املسموح بها وتلك املحدده قائمتها من لدن االداره، باستعمال اجهزه تقنيه، تعمل . بطريقه اليه، حتا في حاله عدم وجود العون محرر املحضر بمكان ا,,,,definition,"vitesse, depassement",0,permis_conduite
198,198 املاده من شوال13 بتاريخ1.16.106 الصادر بتنفيذه الظهري الرشيف رقم116.14 غريت مبوجب املاده االوال من القانون رقم 5876 ، ص2016 اغسطس11 1437 ذي القعده7 بتاريخ6490 ، ج.ر عدد2016 يوليو18 1437 تسجل، علا الخصوص، بواسطه نظام املراقبه واملعاينه االليه للمخ,,,leger,sanction,documents,5,references_legales
199,199 املاده اعاله خصوصا الا ما يلي198 تهدف املعالجه االليه للمعلومات املشار اليها في املاده مراقبه ومعاينه املخالفات الحكام هذا القانون والنصوص الصادره لتطبيقه ؛ 1 تدبير العمليات الالزمه ملعالجه املخالفات من اجل تبليغها الا املخالفين ؛ 2 تسهيل تدبير ش,,,,definition,documents,0,permis_conduite
200,200 املاده . اعاله، يتم وضع محضر باملخالفه197 اذا جرت معاينه مخالفه وفق,,,,sanction,"vitesse, depassement",0,permis_conduite
201,201 املاده من شوال13 بتاريخ1.16.106 الصادر بتنفيذه الظهري الرشيف رقم116.14 متمت مبوجب املاده االوال من القانون رقم 5876 ، ص2016 اغسطس11 1437 ذي القعده7 بتاريخ6490 ، ج.ر عدد2016 يوليو18 1437 اعاله، يجب ان تتضمن محاضر املخالفات التي ترتكز195 عالوه علا,,,,obligation,nuit,5,references_legales
202,202 املاده يوثق بمضمن محاضر املخالفات التي ترتكز معاينتها علا ادله ماديه تقدمها اجهزه تعمل بطريقه اليه، مع عدم وجود العون محرر املحضر في مكان ارتكاب املخالفه، الا ان يثبت ما يخالف مضمن هذه .املحاضر بايه وسيله من وسائل االثبات,,,,definition,,0,permis_conduite
203,203 املاده اذا تعذر التعرف علا مكان الشخص صاحب شهاده تسجيل املركبه او في حاله رفض املعني باالمر تلقي التبليغ باالشعار باملخالفه او في حاله عدم اداء الغرامه التصالحيه والجزافيه، يوجه محضر .املخالفه الا وكيل امللك لدا املحكمه املختصه,,,,sanction,,0,permis_conduite
204,204 املاده تسلم وفقا للكيفيات املحدده من لدن االداره الا املخالف او الا صاحب شهاده تسجيل املركبه او الا املسؤول املدني عنها وبطلب صريح منه، نسخه من صوره املخالفه التي التقطتها اجهزه املراقبه . اعاله197 واملعاينه االليه املشار اليها في املاده 88 االما,,,,definition,,0,permis_conduite
205,205 املاده يتم استخالص مبالغ الغرامات التصالحيه والجزافيه املتعلقه باملخالفات التي جرت معاينتها وفقا الحكام هذا الفرع، من قبل كتاب الضبط لدا املحاكم ومحصلي الخزينه العامه للمملكه . واالمرين بالصرف باداره الجمارك والضرائب غير املباشره .غير انه يمكن لا,,,,sanction,,2,permissions_exceptions
206,206 املاده يوما الا االداره، لتتبع املعلومات15 يجب ان توجه نسخ من املحاضر داخل اجل خمسه عشر . من هذا القانون136 الا120 ومعالجتها وفقا الحكام املواد .يسري االجل املشار اليه اعاله ابتداء من يوم معاينه املخالفه القسم الفرعي الثاني معاينه حاله السياقه تح,,,leger,obligation,alcool,0,permis_conduite
207,207 املاده يمكن لضباط الشرطه القضائيه، اما بتعليمات من وكيل امللك واما بمبادره منهم، ويمكن لالعوان محرري املحاضر، بامر من ضباط الشرطه القضائيه وتحت مسؤوليتهم، ان يفرضوا رائزا للنفس بواسطه النفخ في جهاز للكشف عن مستوا تشبع الهواء املنبعث من الفم بالكح,,,leger,definition,alcool,2,permissions_exceptions
208,208 املاده اعاله من افتراض وجود نسبه من الكحول في نفس املعني207 اذا مكن الرائز املشار اليه في املاده باالمر، تحددها االداره، او اذا رفض املعني باالمر الخضوع للرائز املذكور، قام ضباط او اعوان .الشرطه القضائيه بالتحققات الهادفه الا اثبات الحاله الكحولي,,,,definition,alcool,0,permis_conduite
209,209 املاده تنجز التحققات الهادفه الا اثبات الحاله الكحوليه عن طريق التحاليل والفحوصات الطبيه السريريه والبيولوجيه او بواسطه جهاز يمكن من تحديد تركز الكحول من خالل تحليل الهواء .املنبعث من الفم، شريطه ان يكون الجهاز املذكور مطابقا لنوع مصادق عليه,,,,definition,"alcool, nuit",2,permissions_exceptions
210,210 املاده اذا انجزت التحققات عن طريق التحاليل والفحوصات الطبيه السريريه والبيولوجيه، وجب .االحتفاظ بعينه وفقا للنصوص الجاري بها العمل,,,,definition,nuit,0,permis_conduite
211,211 املاده اذا انجزت التحققات املذكوره بواسطه جهاز يمكن من تحديد تركز الكحول، من خالل تحليل .الهواء املنبعث من الفم، جاز القيام علا الفور بمراقبه ثانيه، بعد التحقق من حسن اشتغال الجهاز .تجرا هذه املراقبه بقوه القانون، اذا طلبها املعني باالمر وذلك علا,,,,definition,"alcool, nuit",2,permissions_exceptions
212,212 املاده ، اعاله، نتيجه لعجز بدني مثبت من لدن طبيب207 اذا استحال الخضوع للرائز املشار اليه في املاده قام ضباط او اعوان الشرطه القضائيه بالتحققات الهادفه الا اثبات الحاله الكحوليه بواسطه .التحاليل والفحوصات الطبيه السريريه والبيولوجيه القسم الفرعي ا,,,leger,definition,"alcool, nuit",0,permis_conduite
213,213 املاده اعاله207 يامر ضباط او اعوان الشرطه القضائيه باخضاع االشخاص املشار اليهم في املاده الختبارات الكشف الثبات ما اذا كان الشخص املعني قد استعمل مواد مخدره او استعمل ادويه .تحظر السياقه بعد تناولها. وتحدد االداره الئحه هذه االدويه,,,leger,definition,,0,permis_conduite
214,214 املاده ،اذا تبين ان اختبارات الكشف ايجابيه، او اذا رفض املعني باالمر الخضوع لالختبارات املذكوره او اذا كان في حاله يستحيل عليه فيها الخضوع لها، عمل ضباط او اعوان الشرطه القضائيه علا اجراء تحققات تتمثل في تحاليل او فحوص طبيه سريريه وبيولوجيه، الثب,,,leger,definition,nuit,0,permis_conduite
215,215 املاده 3 و2 يجب الجل القيام باالختبارات والتحاليل والفحوص املنصوص عليها في القسمين الفرعيين اعاله، ان يكون االجل الفاصل بين ساعه وقوع الحادثه او ساعه ارتكاب املخالفه او ساعه مراقبه .املعني باالمر وساعه االختبارات والتحاليل والفحوص املذكوره اقصر م,,,leger,obligation,"nuit, documents",0,permis_conduite
216,216 املاده عالوه علا حاالت االحتفاظ برخصه السياقه املنصوص عليها في القا,,,leger,obligation,"stationnement, documents",0,permis_conduite
217,217 املاده ،يجب، ما لم ينص هذا القانون علا خالف ذلك، ان يوجه املحضر و,,,leger,obligation,documents,0,permis_conduite
218,218 املاده بتاريخ1.16.106 الصادر بتنفيذه الظهري الرشيف رقم116.14 نسخت وعوضت مبوجب املاده الثانيه من القانون رقم 5881 ، ص2016 اغسطس11 1437 ذي القعده7 بتاريخ6490 ، ج.ر عدد2016 يوليو18 1437 من شوال13 يقوم العون محرر املحضر باالحتفاظ بشهاده التسجيل او بر,,,leger,obligation,documents,5,references_legales
219,219 املاده من هذا القانون، موضوع187 و186 و185 و184 يمكن ان تكون ا,25.0,,,sanction,,2,permissions_exceptions
220,220 املاده يقترح العون محرر املحضر علا املخالف، عند معاينه احدا املخالفات املشار اليها في الفقره اعاله، اداء الغرامه التصالحيه والجزافيه. ويجوز كذلك للمخالف ان يطلب اداء219 االولا من املاده .الغرامه املذكوره 221املاده 13 بتاريخ1.16.106 الصادر بتنفيذه,,,,sanction,,0,permis_conduite
222,222 املاده في حاله املعاينه االليه للمخالفه، يجب ان يتضمن االشعار باملخ,,,,sanction,,0,permis_conduite
223,223 املاده يتم االداء الفوري للغرامه، بصفه نهائيه او برسم االيداع، كما يلي نقدا ؛ 1 بواسطه شيك ؛ 2 . بجميع وسائل االداء االخرا التي تحددها االداره 3,,,,sanction,,0,permis_conduite
224,224 املاده يتم االداء الفوري للغرامه التصالحيه والجزافيه الا العون محرر,,,leger,sanction,documents,0,permis_conduite
225,225 املاده يجب علا العون محرر املحضر، اذا كان الحامل املحرره فيه رخصه السياقه قابال الن تسجل عليه املعلومات في شكل الكتروني، وكان العون يتوفر علا الجهاز الالزم لذلك، ان يسجل علا هذا الحامل .املعلومات املتعلقه باملخالفه يجب ان توجه فورا السلطه التابع,,,leger,obligation,documents,0,permis_conduite
226,226 املاده .يترتب علا اداء الغرامه التصالحيه والجزافيه عدم تحريك الدعوا,,,,sanction,,0,permis_conduite
227,227 املاده بتاريخ1.16.106 الصادر بتنفيذه الظهري الرشيف رقم116.14 نسخت وعوضت مبوجب املاده الثانيه من القانون رقم 5881 ، ص2016 اغسطس11 1437 ذي القعده7 بتاريخ6490 ، ج.ر عدد2016 يوليو18 1437 من شوال13 في حاله عدم اداء الغرامه التصالحيه والجزافيه، يوجه ام,,,,sanction,,5,references_legales
228,228 املاده في حاله عدم االداء الفوري للغرامه التصالحيه والجزافيه,,,leger,sanction,documents,0,permis_conduite
229,229 املاده اعاله، اذا كان حامل رخصه السياقه يمكن من تسجيل املعلومات228 استثناء من احكام املاده في شكل الكتروني، فان املعلومات املتعلقه باالحتفاظ برخصه السياقه واالذن بالسياقه وتوقيف رخصه السياقه املشار اليها في املاده املذكوره، يتم تسجيلها علا هذا ال,,,leger,definition,documents,2,permissions_exceptions
230,230 املاده .يمكن للمخالف ان ينازع في املخالفه اعاله، بواسطه شكايه معلله222 و221 تقدم املنازعه في املخالفات، داخل االجل املحدد في املادتين توجه الا وكيل امللك ؛ 1 او الا العون محرر املحضر الذي عاين املخالفه ؛ 2 . او في حاله معاينه اليه، الا املصلحه ال,,,,definition,,0,permis_conduite
231,231 املاده املركبه التي ارتكبت بها املخالفه الا ان يودع مرتكب املخالفه مبلغا يحدده وكيل امللك، لدا كتابات الضبط بجميع محاكم اململكه او لدا قباضات املاليه او لدا املصالح املختصه للجمارك، يضمن االداء املحتمل للعقوبات املاليه التي يتعرض لها بمقتغضا هذا,,,leger,obligation,,0,permis_conduite
231,231 املاده ال تقبل املنازعه في املخالفه اال اذا قام املخالف بايداع,,,leger,sanction,documents,0,permis_conduite
232,232 املاده بتاريخ1.16.106 الصادر بتنفيذه الظهري الرشيف رقم116.14 نسخت وعوضت مبوجب املاده الثانيه من القانون رقم 5881 ، ص2016 اغسطس11 1437 ذي القعده7 بتاريخ6490 ، ج.ر عدد2016 يوليو18 1437 من شوال13 ايام من5 اذا نازع املخالف في املخالفه، وجب ان يوجه ام,,,,definition,depassement,5,references_legales
233,233 املاده اعاله مرفقا باالثباتات املتعلقه باملعاينه االليه232 يجب ان يكون املحضر املشار اليه في املاده .وبرخصه السياقه في حاله االحتفاظ بها,,,leger,obligation,documents,0,permis_conduite
234,234 املاده يجوز للمخالف، قبل ان تبت املحكمه في املوضوع، ان يؤدي ثلثي الحد االقظصا للغرامه املحدده في . اعاله وان يسحب شكايته187 و186 و185 و184 املواد 97 االمانه العامه للحكومه,,,,sanction,,0,permis_conduite
235,235 املاده من القانون املتعلق375 عندما تثبت املخالفه ضد املخالف، ال يجوز ان تطبق عليه احكام املاده .باملسطره الجنائيه في حاله منازعه تعسفيه الباب الرابع احكام متفرقه,,,,definition,,0,permis_conduite
236,236 املاده في حاله حفظ املحاضر من قبل النيابه العامه، او في حاله صدور مقرر بعدم املتابعه او باالدانه او اي مقرر يبت في موضوع قضيه عرضت علا محكمه، تنفيذا الحكام هذا القانون او للنصوص الصادره لتطبيقه، يوجه وكيل امللك علا الفور، الا االداره نسخه من محضر,,,,definition,,0,permis_conduite
237,237 املاده توجه النيابه العامه نسخا من املقررات او منطوقا لالحكام، الصادره تنفيذا الحكام هذا القانون او للنصوص الصادره لتطبيقه، التي حازت قوه الاشيء املقغضي به، الا االداره داخل اجل اقصاه . يوما من تاريخ صدور املقرر15 خمسه عشر,,,,definition,,4,dispositions_transitoires
238,238 املاده ما عدا في حاله االداء الفوري لغرامه تصالحيه وجزافيه او في حاله االيداع املنصوص عليه في اعاله، اذا لم يثبت مرتكب املخالفه توفره علا اقامه فوق التراب الوطني، يتم توقيف,,,,sanction,,0,permis_conduite
239,239 املاده ال يمكن ان يلقن تعليم السياقه او التربيه علا السالمه الطرقيه، اال من قبل مؤسسه يتوقف . فتحها واستغاللها علا رخصه تسلمها االداره لهذا الغرض ،تسلم الرخصه املشار اليها اعاله الا كل شخص ذاتي او معنوي يلتزم بالتقيد ببنود دفتر للتحمالت تضعه االد,,,leger,obligation,"stationnement, documents",2,permissions_exceptions
240,240 املاده تسلم الرخصه بفتح واستغالل مؤسسه لتعليم السياقه او مؤسسه للتربيه علا السالمه الطرقيه بمقابل، للمترشحين الذين تتوفر فيهم الشروط التاليه بالنسبه لالشخاص الذاتيين ا اال تقل سن املترشح عن عشرين سنه شمسيه كامله ؛ 1 ان يكون متمتعا بحقوقه الوطنيه,,,leger,definition,documents,0,permis_conduite
241,241 املاده يجب ان يتولا تسيير كل مؤسسه لتعليم السياقه او مؤسسه للتربيه علا السالمه الطرقيه مدير تتوفر فيه الشروط التاليه اال تقل سنه احدا وعشرين سنه شمسيه كامله ؛ 1 ان يكون متمتعا بحقوقه الوطنيه واملدنيه ؛ 2 اال يكون قد صدر في حقه حكم باالدانه من اجل,,,leger,obligation,,0,permis_conduite
242,242 املاده ،يجب علا مدير مؤسسه تعليم السياقه او مدير مؤسسه التربيه علا السالمه الطرقيه ان يسهر باستمرار، علا حسن التسيير االداري والبيداغوجي للمؤسسه وفقا الحكام هذا القانون والنصوص .الصادره لتطبيقه 239 يجب عليه ان يوجه الا االداره ، وفق الكيفيات املح,,,leger,obligation,,0,permis_conduite
243,243 املاده يجب ان يكون التعليم امللقن في مؤسسات تعليم السياقه مطابقا للبرنامج الوطني لتعليم السياقه .املحدد من لدن االداره يجب ان يكون تنظيم الدورات في التربيه علا السالمه الطرقيه مطابقا للمواصفات املحدده من .لدن االداره 100 االمانه العامه للحكومه,,,leger,obligation,,0,permis_conduite
244,244 املاده ال يمكن فتح ايه مؤسسه لتعليم السياقه او للتربيه علا السالمه الطرقيه للعموم، اال بعد قيام اعوان االداره بمعاينه مطابقه محال وتجهيزات تعليم السياقه او التربيه علا السالمه الطرقيه وكذا 239 املوارد البشريه التي تتوفر عليها املؤسسه املذكوره لبن,,,leger,obligation,documents,0,permis_conduite
245,245 املاده يجب ان يلقن تعليم السياقه او تنشيط دورات التربيه علا السالمه الطرقيه من قبل مدرب لتعليم .السياقه او منشط لدورات التربيه علا السالمه الطرقيه مرخص لهما من لدن االداره او منشط لدورات التربيه علا ال يجوز ان يطلب الحصول علا رخصه مدرب لتعليم الس,,,leger,obligation,documents,0,permis_conduite
246,246 املاده يجب علا ارباب ومسيري مؤسسات تعليم السياقه او التربيه علا السالمه الطرقيه الخضوع لعمليات التفتيش التي يقوم بها االعوان او الهيئات املؤهله لهذا الغرض من لدن االداره، والتي يراد بها التحقق من التقيد باحكام هذا القانون والنصوص الصادره لتطبيقه,,,leger,obligation,,0,permis_conduite
247,247 املاده ال يجوز التخلي عن ايه مؤسسه لتعليم السياقه او للتربيه علا السالمه الطرقيه اال لفائده شخص . اعاله240 معنوي او ذاتي تتوفر فيه الشروط املنصوص عليها في املاده,,,leger,definition,,0,permis_conduite
248,248 املاده يجب علا املتخلي واملتخلا له، في حاله التخلي عن مؤسسه لتعليم السياقه او للتربيه علا السالمه الطرقيه، تقديم تصريح مشترك الا االداره، قبل ابرام عقد التخلي، يلتزم فيه املتخلا له باحترام بنود . اعاله239 دفتر التحمالت املشار اليه في املاده . اعا,,,leger,obligation,documents,0,permis_conduite
249,249 املاده ،الطرقيه في حاله وفاه الحاصل علا رخصه باستغالل مؤسسه لتعليم السياقه او للتربيه علا السالمه . اشهر من تاريخ الوفاه3 يجب علا ذوي حقوقه التصريح بذلك الا االداره ، داخل اجل ثالثه ،يجوز لذوي الحقوق االستمرار في استغالل املؤسسه مده سنه من تاريخ,,,leger,obligation,documents,4,dispositions_transitoires
250,250 املاده ،الطرقيه يجب علا الحاصلين علا رخصه باستغالل مؤسسه لتعليم السياقه او للتربيه علا السالمه .قبل توقيف او انهاء نشاطهم، اخبار االداره بذلك، بواسطه رساله مضمونه مع االشعار باالستالم,,,leger,obligation,documents,0,permis_conduite
251,251 املاده الصادر بتنفيذه الظهري الرشيف116.14 غريت ومتمت مبوجب املاده االوال من القانون رقم 6490 ، ج.ر عدد2016 يوليو18 1437 من شوال13 بتاريخ1.16.106 رقم 5878 ، ص2016 اغسطس11 1437 ذي القعده7 بتاريخ من هذا القانون، هيئات او مؤسسات239 تعفا من الحصول علا,,,leger,definition,documents,5,references_legales
252,252 املاده يجوز للجمعيات التي تزاول نشاطها في مجال االدماج او اعاده االدماج االجتماعي واملنهي تلقين التربيه علا السالمه الطرقيه، شريطه الحصول علا رخصه تسلمها االداره، التي تتاكد في هذه الحاله . اعاله246 الا239 من توفر الشروط املنصوص عليها في املواد 1,,,,definition,documents,0,permis_conduite
253,253 املاده اعاله، ان تكون الجمعيه متوفره علا252 يجب للحصول علا الرخصه املشار اليها في املاده الشروط التاليه ان يكون مصرحا بها وفقا للتشريع املنظم لحق تاسيس الجمعيات ؛ 1 ان تكون طرفا في اتفاقيه مبرمه مع الدوله او جماعه ترابيه او مؤسسه عموميه او مؤسسه,,,leger,obligation,documents,0,permis_conduite
254,254 املاده يجب علا الجمعيات املذكوره في املاده السابقه ان تقدم سنويا الا االداره تقريرا عن نشاطها في .مجال تلقين التربيه علا السالمه الطرقيه وفق الشروط املحدده من لدن االداره الباب الثاني العقوبات والتدابير االداريه والعقوبات الزجريه الفرع االول العق,,,,obligation,,0,permis_conduite
255,255 املاده بتاريخ1.16.106 الصادر بتنفيذه الظهري الرشيف رقم116.14 نسخت وعوضت مبوجب املاده الثانيه من القانون رقم 5881 ، ص2016 اغسطس11 1437 ذي القعده7 بتاريخ6490 ، ج.ر عدد2016 يوليو18 1437 من شوال13 اعاله، خالل عمليه تفتيش مؤسسه لتعليم246 اذا عاين االع,,,leger,obligation,documents,5,references_legales
255,255 املاده اعاله، خالل عمليه تفتيش مؤسسه لتعليم246 اذا عاين االعوان,15000.0,,leger,sanction,documents,0,permis_conduite
256,256 املاده من شوال13 بتاريخ1.16.106 الصادر بتنفيذه الظهري الرشيف رقم116.14 غريت مبوجب املاده االوال من القانون رقم 5878 ، ص2016 اغسطس11 1437 ذي القعده7 بتاريخ6490 ، ج.ر عدد2016 يوليو18 1437 تسحب االداره، بصفه نهائيه الرخصه بفتح واستغالل مؤسسه لتعليم,35000.0,,leger,sanction,"stationnement, documents",5,references_legales
257,257 املاده تسحب رخصه املدرب او املنشط بصفه مؤقته اذا اتخذ في حق الحاصل عليها اجراء بتوقيف رخصه السياقه ؛ 1 اذا كان يعاني عجزا بدنيا مؤقتا يتنافا مع تعليم سياقه املركبات ذات محرك او مع تنشيط 2 .دورات التربيه علا السالمه الطرقيه 105 االمانه العامه للحك,,,leger,definition,documents,0,permis_conduite
258,258 املاده تسحب نهائيا رخصه املدرب او املنشط من قبل االداره اذا لم يعد الحاصل عليها متوفرا علا الشروط املنصوص عليها في هذا القانون والنصوص 1 الصادره لتطبيقه ؛ اذا ارتكب اخطاء مهنيه تمت معاينتها بصفه قانونيه ؛ 2 اذا ارتكب غشا خالل امتحان للحصول علا رخ,,,leger,definition,documents,0,permis_conduite
259,259 املاده درهم، كل شخص فتح او استغل60.000 الا ستين الف30.000 يعاقب بغرامه من ثالثين الف .مؤسسه لتعليم سياقه املركبات او للتربيه علا السالمه الطرقيه بمقابل دون ان يكون مرخصا له بذلك الا مائه وعشرين60.000 يعاقب مرتكب املخالفه، اذا كان شخصا معنويا، بغر,30000.0,,leger,sanction,,1,sanctions_amendes
260,260 املاده درهم، كل حاصل علي30.000 الا ثالثين الف15.000 يعاقب بغرامه من خمسه عشر الف رخصه بفتح واستغالل مؤسسه تعليم السياقه او التربيه علا السالمه الطرقيه، شغل وهو يعلم بذلك مديرا او مدربين او منشطين ال يتوفر فيهم او لم يعد يتوفر فيهم شرط او اكثر من,30000.0,,leger,sanction,documents,1,sanctions_amendes
261,261 املاده درهم، كل مدير مؤسسه20.000 الا عشرين الف10.000 يعاقب بغرامه من عشره االف . اعاله242 او ال يحترم احكام املاده241 ال يتقيد باحكام املاده . درهم40.000 الا اربعين الف20.000 في حاله العود، يعاقب املخالف بغرامه من عشرين الف,10000.0,,,sanction,,1,sanctions_amendes
262,262 املاده درهم، كل5.000 الا خمسه االف2.000 يعاقب بالحبس من شهر الا سنه وبغرامه من الفين حاصل علا رخصه بفتح واستغالل مؤسسه لتعليم السياقه او مؤسسه للتربيه علا السالمه الطرقيه او كل مدير او مدرب او منشط باملؤسسه املذكوره، غش او ساعد علا الغش او قدم تص,2000.0,,leger,sanction,documents,1,sanctions_amendes
263,263 املاده درهم، كل شخص ذاتي او معنوي60.000 الا ستين الف30.000 يعاقب بغرامه من ثالثين الف قام باستغالل مؤسسه لتعليم السياقه او مؤسسه للتربيه علا السالمه الطرقيه، بعد ان صدر في .حقه مقرر باالغالق املؤقت للمؤسسه او بالسحب النهائي للرخصه .في حاله العود،,30000.0,,leger,sanction,documents,1,sanctions_amendes
264,264 املاده درهم10.000 الا عشره االف5.000 يعاقب بغرامه من خمسه االف ، كل شخص زاول مهنه مدرب في تعليم السياقه او منشط دورات التربيه علا السالمه الطرقيه 1 دون الحصول علا رخصه بذلك ؛ كل شخص زاول مهنه مدرب في تعليم السياقه او منشط دورات التربيه علا السالم,5000.0,,leger,sanction,"stationnement, documents",1,sanctions_amendes
265,265 املاده درهم، كل شخص زاول مهنه10.000 الا عشره االف5.000 يعاقب بغرامه من خمسه االف مدرب في تعليم السياقه او منشط دورات التربيه علا السالمه الطرقيه، بعد ان صدر في حقه مقرر .بالسحب املؤقت للرخصه .في حاله العود ترفع العقوبه الا الضعف 107 االمانه العام,5000.0,,leger,sanction,documents,1,sanctions_amendes
266,266 املاده من هذا القانون، االداره او مراكز املراقبه التقنيه66 تقوم باملراقبه التقنيه املشار اليها في املاده .املرخص لها لهذا الغرض من لدن االداره الباب الثاني مراكز وشبكات املراقبه التقنيه,,,,definition,,0,permis_conduite
267,267 املاده اعاله، يمكن لالداره بعد االعالن عن املنافسه الترخيص بفتح26,,,,sanction,,2,permissions_exceptions
267,267 املاده الصادر بتنفيذه الظهري الرشيف116.14 غريت مبوجب املاده االوال من القانون رقم 6490 ، ج.ر عدد2016 يوليو18 1437 من شوال13 بتاريخ1.16.106 رقم 5878 ، ص2016 اغسطس11 1437 ذي القعده7 بتاريخ اعاله، بعد االعالن عن املنافسه266 تسلم الرخصه ملمارسه املرا,,,,obligation,documents,5,references_legales
268,268 املاده اعاله الشروط التاليه267 يجب ان تتوفر في االشخاص املعنويه امل,,,,obligation,,0,permis_conduite
269,269 املاده يجب ان يتولا تسيير كل مركز للمراقبه التقنيه شخص تتوفر فيه الشروط التاليه اال تقل سنه عن احدا وعشرين سنه شمسيه كامله ؛ 1 109 االمانه العامه للحكومه ان يكون متمتعا بحقوقه الوطنيه واملدنيه ؛ 2 اال يكون قد صدر في حقه حكم باالدانه من اجل جنايه,,,,obligation,,0,permis_conduite
270,270 املاده يمنع علا مراكز وعلا شبكات مراكز الفحص التقني مزاوله اي نشاط مرتبط باصالح السيارات .او االتجار فيها,,,,obligation,,0,permis_conduite
271,271 املاده ال تمنح الرخصه بفتح اي مركز للمراقبه التقنيه للعموم اال بعد قيام اعوان االداره بمعاينه مطابقه محال وتجهيزات املراقبه التقنيه واملوارد البشريه باملركز املذكور لبنود دفتر التحمالت املشار اليه . اعاله267 في املاده يحدد للمعني باالمر، في حاله,,,,obligation,documents,0,permis_conduite
272,272 املاده .يجب ان يتولا عمليه املراقبه التقنيه عون فاحص مرخص له من قبل االداره ال يجوز ان يطلب الحصول علا رخصه عون فاحص اال الشخص الذي تتوفر فيه الشروط التاليه اال تقل سنه عن احدا وعشرين سنه شمسيه كامله ؛ 1 ان يكون متمتعا بحقوقه الوطنيه واملدنيه ؛ 2,,,leger,obligation,documents,0,permis_conduite
272,272 املاده . اعاله272 من املاده6 غير انهم يعفون من الشرط املحدد في البند القسم الثالث احكام ختاميه,,,,definition,,0,permis_conduite
273,273 املاده يجب علا الحاصل علا رخصه بفتح واستغالل شبكه ملراكز املراقبه التقنيه، ان يعين شخصا اعاله، يكون مسؤوال عن التقيد باحكام268 من املاده2 ذاتيا تتوفر فيه الشروط املحدده في البند هذا القانون والنصوص الصادره لتطبيقه، ويجب عليه، لهذا الغرض، ان يتاكد,,,,obligation,documents,0,permis_conduite
274,274 املاده يجب علا الحاصل علا رخصه بفتح واستغالل مركز او شبكه ملراكز املراقبه التقنيه وعلا الشخص اعاله وعلا مسيري مراكز املراقبه التقنيه واالعوان273 املشار اليه في الفقره االولا من املاده الفاحصين الخضوع لعمليات التفتيش التي يقوم بها االعوان او الهيا,,,,obligation,documents,0,permis_conduite
275,275 املاده ال يجوز التخلي عن ايه شبكه ملراكز املراقبه التقنيه اال لفائده شخص معنوي تتوفر فيه الشروط . اعاله268 املنصوص عليها في املاده ،يجب علا املتخلي واملتخلا له، لهذا الغرض، تقديم تصريح مشترك الا االداره، قبل ابرام العقد . اعاله267 يلتزم فيه املتخ,,,,obligation,documents,0,permis_conduite
276,276 املاده ال يجوز التخلي عن مركز للمراقبه التقنيه اال لفائده شخص معنوي يتوفر علا رخصه باستغالل .شبكه ملراكز املراقبه التقنيه ال يجوز منح الترخيص بالتخلي، عندما يترتب علا التخلي عن مركز للمراقبه التقنيه تخفيض عدد اعاله، اال اذ267 املراكز او الخطوط ال,,,,definition,documents,0,permis_conduite
277,277 املاده اذا توفي الحاصل علا رخصه بفتح واستغالل مركز للمراقبه التقنيه,,,,obligation,documents,0,permis_conduite
278,278 املاده يجب علا الحاصلين علا رخصه باستغالل مركز او شبكه ملراكز املراقبه التقنيه، قبل توقيف او .انهاء نشاطهم، اخبار االداره بذلك في رساله مضمونه مع اشعار باالستالم اشهر ولم يتم اخبار3 يؤدي الا سحب الرخصه، كل توقيف او انهاء للنشاط ملده تزيد عن ثالثه,,,,obligation,documents,0,permis_conduite
279,279 املاده بتاريخ1.16.106 الصادر بتنفيذه الظهري الرشيف رقم116.14 نسخت وعوضت مبوجب املاده الثانيه من القانون رقم 5881 ، ص2016 اغسطس11 1437 ذي القعده7 بتاريخ6490 ، ج.ر عدد2016 يوليو18 1437 من شوال13 اعاله، خالل عمليه تفتيش مركز للمراقبه274 اذا عاين اال,100000.0,,,sanction,documents,5,references_legales
279,279 املاده اعاله، خالل عمليه تفتيش مركز للمراقبه274 اذا عاين االعوان,,,,sanction,documents,0,permis_conduite
280,280 املاده بتاريخ1.16.106 الصادر بتنفيذه الظهري الرشيف رقم116.14 نسخت وعوضت مبوجب املاده الثانيه من القانون رقم 5882 ، ص2016 اغسطس11 1437 ذي القعده7 بتاريخ6490 ، ج.ر عدد2016 يوليو18 1437 من شوال13 تسحب االداره الرخصه بفتح واستغالل شبكه ملراكز املراقب,,,,definition,"stationnement, documents",5,references_legales
281,281 املاده من شوال13 بتاريخ1.16.106 الصادر بتنفيذه الظهري الرشيف رقم116.14 غريت مبوجب املاده االوال من القانون رقم 5878 ، ص2016 اغسطس11 1437 ذي القعده7 بتاريخ6490 ، ج.ر عدد2016 يوليو18 1437 تسحب االداره رخصه العون الفاحص بصفه مؤقته اذا لم يتقيد بقواع,,,,definition,documents,5,references_legales
282,282 املاده تسحب نهائيا رخصه العون الفاحص من لدن االداره اذا لم يعد الحاصل عليها متوفرا علا الشروط املنصوص عليها في هذا القانون والنصوص 1 الصادره لتطبيقه ؛ اعاله وذلك دون االخالل باالحكام274 اذا ارتكب اخطاء مهنيه تمت معاينتها وفقا الحكام املاده 2 الجن,,,,definition,documents,0,permis_conduite
283,283 املاده درهم، كل شخص فتح او استغل60.000 الا ستين الف30.000 يعاقب بغرامه من ثالثين الف شبكه ملراكز املراقبه التقنيه للمركبات او فتح او استغل مركزا للمراقبه التقنيه للمركبات دون ان .يكون مرخصا له بذلك درهم الا مائه وعشرين60.000 يعاقب املخالف، اذا كا,30000.0,,,sanction,,1,sanctions_amendes
284,284 املاده من شوال13 بتاريخ1.16.106 الصادر بتنفيذه الظهري الرشيف رقم116.14 غريت مبوجب املاده االوال من القانون رقم 5878 ، ص2016 اغسطس11 1437 ذي القعده7 بتاريخ6490 ، ج.ر عدد2016 يوليو18 1437 درهم كل حاصل علا رخصه فتح60.000 الا ستين الف30.000 يعاقب بغر,30000.0,,,sanction,documents,5,references_legales
285,285 املاده درهم، كل حاصل علا رخصه40.000 الا اربعين الف20.000 يعاقب بغرامه من عشرين الف وذلك دون االخالل273 فتح واستغالل شبكه ملراكز املراقبه التقنيه للمركبات ال يتقيد باحكام املاده . اعاله280 باحكام املاده 70.000 درهم الا سبعين الف40.000 في حاله العو,115.0,,,sanction,documents,1,sanctions_amendes
286,286 املاده 100.000 درهم الا مائه الف20.000 يعاقب بالحبس من شهر الا سنه,2000.0,,leger,sanction,documents,1,sanctions_amendes
287,287 املاده درهم، كل شخص قام باستغالل60.000 الا ستين الف30.000 يعاقب بغرامه من ثالثين الف .مركز للمراقبه التقنيه للمركبات بعد ان صدر في حقه مقرر باالغالق املؤقت او باالغالق النهائي للمركز .في حاله العود، ترفع العقوبه الا الضعف,30000.0,,,sanction,,1,sanctions_amendes
288,288 املاده من13 الصادر يف1.16.106 الصادر بتنفيذه الظهري الرشيف رقم116.14 اضيفت مبوجب املاده الثالثه من القانون رقم 5885 . ، ص2016 اغسطس11 1437 ذي القعده7 بتاريخ6490 ،ج.ر عدد2016 يوليو18 1437 شوال اذا ثبتت مسؤوليه شبكه او مركز للمراقبه التقنيه في حادث,116.0,,,sanction,,5,references_legales
288,288 املاده درهم5.000 الا خمسه االف2.500 يعاقب بغرامه من الفين وخمسمائه اعاله ؛272 كل شخص زاول مهنه عون فاحص دون التوفر علا الرخصه املنصوص عليها في املاده كل عون فاحص استمر في مزاوله املهنه بعد ان صدر في حقه مقرر بالسحب النهائي او بالسحب .املؤقت للرخص,500.0,,,sanction,documents,1,sanctions_amendes
289,289 املاده دون االخالل باملوانع املقرره في احكام تشريعيه اخرا واملتعلقه بما يلحق بالطريق العموميه من تخريب او تلف او ضرر، يمنع القيام باالفعال التاليه الترامي علا محرم الطريق العموميه ؛ 1 اتالف محرم الطريق العموميه واملغروسات واالبنيه واالنصاب والقار,,,,obligation,autoroute,3,regles_circulation
290,290 املاده دون االخالل بالعقوبات االشد وبالرغم من االحكام املخالفه، يعاقب بغرامه من الفين وخمسمائه درهم، كل من ارتكب، بسبب تهوره او عدم احتياطه7.500 الا سبعه االف وخمسمائه2.500 او عدم انتباهه او اهماله او عدم احترامه لالحكام التشريعيه والتنظيميه او ن,500.0,,,sanction,,1,sanctions_amendes
291,291 املاده 500 دون االخالل بالعقوبات االشد وبالرغم من االحكام املخالفه، يعاقب بغرامه من خمسمائه . اعاله289 من املاده7 درهم، كل من خالف احكام البند2.500 الا الفين وخمسمائه 7 يحكم علا املخالف، عالوه علا ذلك، بمصاريف اصالح اللوحه او التجهيز املشار اليهم,500.0,,,sanction,,1,sanctions_amendes
292,292 املاده الا1.000 دون االخالل بالعقوبات االشد وبالرغم من االحكام املخالفه، يعاقب بغرامه من الف . اعاله289 من املاده8 درهم، كل من خالف احكام البند2.000 الفي عالوه علا ذلك، يمكن لالداره املدبره للطريق السيار او لصاحب االمتياز حجز املواد والبضائع .امل,,,,sanction,,1,sanctions_amendes
293,293 املاده اعاله ودون االخالل بالعقوبه املنصوص عليها في289 من املاده9 في حاله خرق احكام البند اعاله، يمكن لالداره املدبره للطريق السيار او لصاحب االمتياز ان يعمل علا ايداع الحيوانات,,,,sanction,,2,permissions_exceptions
294,294 املاده من17 اعاله، تطبق احكام الفرع السابع من املاده289 من املاده10 في حاله خرق احكام البند .. غير ان الغرامه املطبقه تساوي ست مرات الرسم الواجب اداؤه1997 1996 قانون املاليه .في حاله العود، ترفع العقوبه املشار اليها في الفقره االولا اعاله الا الض,,,,sanction,,0,permis_conduite
295,295 املاده اعاله، علا كل شخص معنوي ساهم او شارك في294 و293 و292و291 و290 تطبق احكام املواد .ارتكاب االفعال املعاقب عليها في املواد املذكوره القسم الثاني االعمال التي يتوقف القيام بها علا الطريق العموميه وملحقاتها علا رخصه,,,,definition,"stationnement, documents",3,regles_circulation
296,296 املاده يمنع، اال برخصه سابقه تمنحها االداره، القيام بما يلي اجراء عمليات الحفر في محرم الطريق العموميه ؛ 1 انجاز تجويفات فيما وراء حدود محرم الطريق العموميه، علا مسافه تقل عن عشره امتار من 2 حدود هذا املحرم، مع اضافه متر واحد عن كل متر من عمق الت,,,,obligation,documents,3,regles_circulation
297,297 املاده دون االخالل بالعقوبات االشد وبالرغم من االحكام املخالفه، يعاقب بغرامه من خمسه االف . اعاله296 من املاده8 و7 و5 و2 و1 درهم، كل خرق الحكام البنود10.000 الا عشره االف5.000 يحكم علا املخالف، عالوه علا ذلك، بمصاريف ارجاع االماكن الا حالتها االو,5000.0,,,sanction,,1,sanctions_amendes
298,298 املاده دون االخالل بالعقوبات االشد وبالرغم من االحكام املخالفه، يعاقب بغرامه من الف ومائتين . اعاله296 من املاده3 درهم، كل خرق الحكام البند5.000 الا خمسه االف1.200 يحكم علا املخالف، عالوه علا ذلك، بمصاريف اصالح االماكن ودفع القيمه املقدره للمواد,200.0,,,sanction,,1,sanctions_amendes
299,299 املاده 4 يوجه الا كل شخص اقدم علا غرس اشجار او اقامه اسيجه دون رخصه، خالفا الحكام البند . اعاله، انذار الزالتها داخل اجل ثالثين يوما296 من املاده دون االخالل بالعقوبات االشد وبالرغم من االحكام املخالفه، اذا انصرم هذا االجل من غير ازاله الا خمسه ا,200.0,,,sanction,documents,1,sanctions_amendes
300,300 املاده 500 دون االخالل بالعقوبات االشد وبالرغم من االحكام املخالفه، يعاقب بغرامه من خمسمائه . اعاله296 من املاده6 درهم، كل خرق الحكام البند1.000 الا الف .في حاله العود، ترفع العقوبه املشار اليها في الفقره االولا اعاله الا الضعف,500.0,,,sanction,,1,sanctions_amendes
301,301 املاده دون االخالل بالعقوبات االشد وبالرغم من االحكام املخالفه، يعاقب بغرامه من ثالثه االف . اعاله296 من املاده9 درهم، كل خرق الحكام البند5.000 الا خمسه االف3.000 .يحكم علا املخالف، عالوه علا ذلك، بمصاريف اصالح االماكن واعادتها الا حالتها االولا,3000.0,,,sanction,,1,sanctions_amendes
302,302 املاده دون االخالل بالعقوبات االشد وبالرغم من االحكام املخالفه، يعاقب بغرامه من مائه الف درهم، كل من ارتكب، بسبب تهوره او عدم احتياطه او عدم200.000 الا مائتي الف100.000 . اعاله296 من املاده10 انتباهه او تهاونه او عدم احترام االنظمه، خرقا الحكام ا,100000.0,,,sanction,,1,sanctions_amendes
303,303 املاده اعاله، علا كل شخص معنوي ساهم302و301 و300 و299 و298 و297 تطبق احكام املواد .او شارك في ارتكاب االفعال املعاقب عليها في املواد املذكوره,,,,definition,,0,permis_conduite
304,304 املاده يخضع لرخصه مسبقه كل استعمال للطرق العموميه من قبل اي شخص ذات,500.0,,,sanction,"depassement, documents",3,regles_circulation
305,305 املاده ال تطبق احكام هذا القانون علا السكك الحديديه املمتده علا قراره الطريق العموميه وال علا .املركبات التي تسير علا قضبان تلك السكك غير انه يجب علا سائقي الحافالت الكهربائيه ترامواي احترام قواعد السير علا الطريق العموميه .التي تحددها االداره,,,,obligation,,3,regles_circulation
306,306 املاده علا املركبات الخاصه79 الا70 واملواد من66 و65 و64 واملواد51 الا45 ال تطبق احكام املواد من .بالقوات املسلحه امللكيه .تكون هذه املركبات التي تتكفل املصالح التقنيه للدفاع الوطني بتسلمها محل تسجيل خاص,,,,definition,,3,regles_circulation
307,307 املاده من هذا القانون علا رخص السياقه املؤقته املحصل23 ال تطبق احكام الفقره الثانيه من املاده .عليها قبل تاريخ دخول هذا القانون حيز التنفيذ نقطه وتطبق علا الحاصل عليها، خالل20 يخصص لرخص السياقه املؤقته املذكوره رصيد من من هذا القانون وعند انصرام,,,leger,definition,,4,dispositions_transitoires
308,308 املاده تعتبر رخصه السياقه النهائيه املسلمه قبل تاريخ دخول هذا القانون حيز التنفيذ رخصه سياقه .بعد انتهاء الفتره االختباريه وتطبق عليها احكام هذا القانون 122 االمانه العامه للحكومه القسم الثاني احكام انتقاليه,,,leger,definition,documents,4,dispositions_transitoires
309,309 املاده يجب علا االشخاص الحاصلين علا رخصه السياقه قبل تاريخ دخ,,,leger,obligation,documents,4,dispositions_transitoires
310,310 املاده يجب علا اصحاب املركبات الخاضعه الحكام هذا القانون التقيد باحكامه وبمقتضيات النصوص .الصادره لتطبيقه داخل اجل تحدده االداره اعاله، يعفا السائقون بصفه مهنيه املزاولون قبل تاريخ دخول هذا القانون40 خالفا الحكام املاده املذكوره40 حيز التنفيذ من,,,,obligation,,4,dispositions_transitoires
311,311 املاده من هذا القانون حيز التنفيذ65 والفقره الخامسه من املاده1 61 و,,,,definition,,4,dispositions_transitoires
312,312 املاده يحدد الرباب مؤسسات تعليم سياقه السيارات ذات املحرك، املزاولين نشاطهم قبل تاريخ نشر هذا القانون في الجريده الرسميه، اجل سنتين من تاريخ دخول هذا القانون حيز التنفيذ، للتقيد .باحكامه واذا انصرم هذا االجل، اعتبروا كما لو قاموا بفتح واستغالل مؤ,,,leger,definition,documents,4,dispositions_transitoires
313,313 املاده يحدد لالشخاص الحاصلين علا شهاده الكفاءه املهنيه للمدرب في تعليم سياقه السيارات ذات املحرك، املزاولين عملهم في تاريخ نشر هذا القانون في الجريده الرسميه، اجل سنه من تاريخ دخول . اعاله245 هذا القانون حيز التنفيذ لتقديم طلب رخصه طبقا الحكام ام,,,leger,definition,documents,4,dispositions_transitoires
314,314 املاده يستمر ارباب مراكز الفحص التقني املزاولون نشاطهم في تاريخ نشر هذا القانون في الجريده الرسميه، في القيام بالفحص التقني وفق الرخصه املسلمه اليهم ودفتر التحمالت املرفق بها. غير انه يجب عليهم داخل اجل سنتين من تاريخ دخول هذا القانون حيز التنفيذ,,,,obligation,documents,4,dispositions_transitoires
315,315 املاده يحدد لالشخاص الحاصلين علا شهاده الكفاءه املهنيه للعون الفاحص، املزاولين عملهم في تاريخ دخول هذا القانون حيز التنفيذ، اجل سنه من التاريخ املذكور لتقديم طلب رخصه طبقا الحكام . اعاله,,,,definition,documents,4,dispositions_transitoires
316,316 املاده تنسخ، ابتداء من تاريخ دخول هذا القانون حيز التنفيذ بنسخ وتعو,,,leger,definition,telephone,4,dispositions_transitoires
317,317 املاده اعاله حيز التنفيذ وكيفيات تطبيقها، وذلك فيما يخص147 تحدد االداره تاريخ دخول احكام املاده .تحصيل الضريبه الخصوصيه السنويه علا السيارات والرسم علا محور املحرك,,,,definition,,4,dispositions_transitoires
318,318 املاده .2010 يدخل هذا القانون حيز التنفيذ ابتداء من فاتح اكتوبر 125 االمانه العامه للحكومه الصادر بتنفيذه الظهير الشريف116.,,,,definition,,4,dispositions_transitoires
